SET NAMES utf8mb4;
SET FOREIGN_KEY_CHECKS=0;

INSERT INTO `country` (`uuid`, `iso`, `country_area_uuid`, `position`, `shipping_free`, `tax_free`, `taxfree_for_vat_id`, `taxfree_vatid_checked`, `active`, `iso3`, `display_state_in_registration`, `force_state_in_registration`, `created_at`, `updated_at`) VALUES
('SWAG-COUNTRY-UUID-10',	'GR',	'SWAG-COUNTRY-AREA-UUID-3',	10,	0,	0,	0,	0,	0,	'GRC',	0,	0,	'2017-12-14 15:25:56',	NULL),
('SWAG-COUNTRY-UUID-11',	'GB',	'SWAG-COUNTRY-AREA-UUID-3',	10,	0,	0,	0,	0,	0,	'GBR',	0,	0,	'2017-12-14 15:25:56',	NULL),
('SWAG-COUNTRY-UUID-12',	'IE',	'SWAG-COUNTRY-AREA-UUID-3',	10,	0,	0,	0,	0,	0,	'IRL',	0,	0,	'2017-12-14 15:25:56',	NULL),
('SWAG-COUNTRY-UUID-13',	'IS',	'SWAG-COUNTRY-AREA-UUID-3',	10,	0,	0,	0,	0,	0,	'ISL',	0,	0,	'2017-12-14 15:25:56',	NULL),
('SWAG-COUNTRY-UUID-14',	'IT',	'SWAG-COUNTRY-AREA-UUID-3',	10,	0,	0,	0,	0,	1,	'ITA',	0,	0,	'2017-12-14 15:25:56',	NULL),
('SWAG-COUNTRY-UUID-15',	'JP',	'SWAG-COUNTRY-AREA-UUID-2',	10,	0,	0,	0,	0,	0,	'JPN',	0,	0,	'2017-12-14 15:25:56',	NULL),
('SWAG-COUNTRY-UUID-16',	'CA',	'SWAG-COUNTRY-AREA-UUID-2',	10,	0,	0,	0,	0,	0,	'CAN',	0,	0,	'2017-12-14 15:25:56',	NULL),
('SWAG-COUNTRY-UUID-18',	'LU',	'SWAG-COUNTRY-AREA-UUID-3',	10,	0,	0,	0,	0,	0,	'LUX',	0,	0,	'2017-12-14 15:25:56',	NULL),
('SWAG-COUNTRY-UUID-2',	'DE',	'SWAG-COUNTRY-AREA-UUID-1',	1,	0,	0,	0,	0,	1,	'DEU',	0,	0,	'2017-12-14 15:25:56',	NULL),
('SWAG-COUNTRY-UUID-20',	'NA',	'SWAG-COUNTRY-AREA-UUID-2',	10,	0,	0,	0,	0,	0,	'NAM',	0,	0,	'2017-12-14 15:25:56',	NULL),
('SWAG-COUNTRY-UUID-21',	'NL',	'SWAG-COUNTRY-AREA-UUID-3',	10,	0,	0,	0,	0,	1,	'NLD',	0,	0,	'2017-12-14 15:25:56',	NULL),
('SWAG-COUNTRY-UUID-22',	'NO',	'SWAG-COUNTRY-AREA-UUID-3',	10,	0,	0,	0,	0,	0,	'NOR',	0,	0,	'2017-12-14 15:25:56',	NULL),
('SWAG-COUNTRY-UUID-23',	'AT',	'SWAG-COUNTRY-AREA-UUID-3',	1,	0,	0,	0,	0,	1,	'AUT',	0,	0,	'2017-12-14 15:25:56',	NULL),
('SWAG-COUNTRY-UUID-24',	'PT',	'SWAG-COUNTRY-AREA-UUID-3',	10,	0,	0,	0,	0,	0,	'PRT',	0,	0,	'2017-12-14 15:25:56',	NULL),
('SWAG-COUNTRY-UUID-25',	'SE',	'SWAG-COUNTRY-AREA-UUID-3',	10,	0,	0,	0,	0,	0,	'SWE',	0,	0,	'2017-12-14 15:25:56',	NULL),
('SWAG-COUNTRY-UUID-26',	'CH',	'SWAG-COUNTRY-AREA-UUID-3',	10,	0,	1,	0,	0,	1,	'CHE',	0,	0,	'2017-12-14 15:25:56',	NULL),
('SWAG-COUNTRY-UUID-27',	'ES',	'SWAG-COUNTRY-AREA-UUID-3',	10,	0,	0,	0,	0,	1,	'ESP',	0,	0,	'2017-12-14 15:25:56',	NULL),
('SWAG-COUNTRY-UUID-28',	'US',	'SWAG-COUNTRY-AREA-UUID-2',	10,	0,	0,	0,	0,	0,	'USA',	0,	0,	'2017-12-14 15:25:56',	NULL),
('SWAG-COUNTRY-UUID-29',	'LI',	'SWAG-COUNTRY-AREA-UUID-3',	10,	0,	0,	0,	0,	0,	'LIE',	0,	0,	'2017-12-14 15:25:56',	NULL),
('SWAG-COUNTRY-UUID-3',	'AE',	'SWAG-COUNTRY-AREA-UUID-2',	10,	0,	0,	0,	0,	1,	'ARE',	0,	0,	'2017-12-14 15:25:56',	NULL),
('SWAG-COUNTRY-UUID-30',	'PL',	'SWAG-COUNTRY-AREA-UUID-3',	10,	0,	0,	0,	0,	0,	'POL',	0,	0,	'2017-12-14 15:25:56',	NULL),
('SWAG-COUNTRY-UUID-31',	'HU',	'SWAG-COUNTRY-AREA-UUID-3',	10,	0,	0,	0,	0,	0,	'HUN',	0,	0,	'2017-12-14 15:25:56',	NULL),
('SWAG-COUNTRY-UUID-32',	'TR',	'SWAG-COUNTRY-AREA-UUID-2',	10,	0,	0,	0,	0,	0,	'TUR',	0,	0,	'2017-12-14 15:25:56',	NULL),
('SWAG-COUNTRY-UUID-33',	'CZ',	'SWAG-COUNTRY-AREA-UUID-3',	10,	0,	0,	0,	0,	0,	'CZE',	0,	0,	'2017-12-14 15:25:56',	NULL),
('SWAG-COUNTRY-UUID-34',	'SK',	'SWAG-COUNTRY-AREA-UUID-3',	10,	0,	0,	0,	0,	0,	'SVK',	0,	0,	'2017-12-14 15:25:56',	NULL),
('SWAG-COUNTRY-UUID-35',	'RO',	'SWAG-COUNTRY-AREA-UUID-3',	10,	0,	0,	0,	0,	0,	'ROU',	0,	0,	'2017-12-14 15:25:56',	NULL),
('SWAG-COUNTRY-UUID-36',	'BR',	'SWAG-COUNTRY-AREA-UUID-2',	10,	0,	0,	0,	0,	0,	'BRA',	0,	0,	'2017-12-14 15:25:56',	NULL),
('SWAG-COUNTRY-UUID-37',	'IL',	'SWAG-COUNTRY-AREA-UUID-2',	10,	0,	0,	0,	0,	0,	'ISR',	0,	0,	'2017-12-14 15:25:56',	NULL),
('SWAG-COUNTRY-UUID-4',	'AU',	'SWAG-COUNTRY-AREA-UUID-2',	10,	0,	0,	0,	0,	1,	'AUS',	0,	0,	'2017-12-14 15:25:56',	NULL),
('SWAG-COUNTRY-UUID-5',	'BE',	'SWAG-COUNTRY-AREA-UUID-3',	10,	0,	0,	0,	0,	1,	'BEL',	0,	0,	'2017-12-14 15:25:56',	NULL),
('SWAG-COUNTRY-UUID-7',	'DK',	'SWAG-COUNTRY-AREA-UUID-3',	10,	0,	0,	0,	0,	1,	'DNK',	0,	0,	'2017-12-14 15:25:56',	NULL),
('SWAG-COUNTRY-UUID-8',	'FI',	'SWAG-COUNTRY-AREA-UUID-3',	10,	0,	0,	0,	0,	1,	'FIN',	0,	0,	'2017-12-14 15:25:56',	NULL),
('SWAG-COUNTRY-UUID-9',	'FR',	'SWAG-COUNTRY-AREA-UUID-3',	10,	0,	0,	0,	0,	0,	'FRA',	0,	0,	'2017-12-14 15:25:56',	NULL);

INSERT INTO `country_area` (`uuid`, `active`, `created_at`, `updated_at`) VALUES
('SWAG-COUNTRY-AREA-UUID-1',	1,	'2017-12-14 15:25:56',	NULL),
('SWAG-COUNTRY-AREA-UUID-2',	1,	'2017-12-14 15:25:56',	NULL),
('SWAG-COUNTRY-AREA-UUID-3',	1,	'2017-12-14 15:25:56',	NULL);

INSERT INTO `country_area_translation` (`country_area_uuid`, `language_uuid`, `name`) VALUES
('SWAG-COUNTRY-AREA-UUID-1',	'SWAG-SHOP-UUID-1',	'deutschland'),
('SWAG-COUNTRY-AREA-UUID-2',	'SWAG-SHOP-UUID-1',	'welt'),
('SWAG-COUNTRY-AREA-UUID-3',	'SWAG-SHOP-UUID-1',	'europa');

INSERT INTO `country_state` (`uuid`, `country_uuid`, `short_code`, `position`, `active`, `created_at`, `updated_at`) VALUES
('SWAG-COUNTRY-STATE-UUID-10',	'SWAG-COUNTRY-UUID-2',	'HH',	0,	1,	'2017-12-14 15:25:56',	NULL),
('SWAG-COUNTRY-STATE-UUID-11',	'SWAG-COUNTRY-UUID-2',	'HE',	0,	1,	'2017-12-14 15:25:56',	NULL),
('SWAG-COUNTRY-STATE-UUID-12',	'SWAG-COUNTRY-UUID-2',	'MV',	0,	1,	'2017-12-14 15:25:56',	NULL),
('SWAG-COUNTRY-STATE-UUID-13',	'SWAG-COUNTRY-UUID-2',	'RP',	0,	1,	'2017-12-14 15:25:56',	NULL),
('SWAG-COUNTRY-STATE-UUID-14',	'SWAG-COUNTRY-UUID-2',	'SL',	0,	1,	'2017-12-14 15:25:56',	NULL),
('SWAG-COUNTRY-STATE-UUID-15',	'SWAG-COUNTRY-UUID-2',	'SN',	0,	1,	'2017-12-14 15:25:56',	NULL),
('SWAG-COUNTRY-STATE-UUID-16',	'SWAG-COUNTRY-UUID-2',	'ST',	0,	1,	'2017-12-14 15:25:56',	NULL),
('SWAG-COUNTRY-STATE-UUID-17',	'SWAG-COUNTRY-UUID-2',	'SH',	0,	1,	'2017-12-14 15:25:56',	NULL),
('SWAG-COUNTRY-STATE-UUID-18',	'SWAG-COUNTRY-UUID-2',	'TH',	0,	1,	'2017-12-14 15:25:56',	NULL),
('SWAG-COUNTRY-STATE-UUID-2',	'SWAG-COUNTRY-UUID-2',	'NI',	0,	1,	'2017-12-14 15:25:56',	NULL),
('SWAG-COUNTRY-STATE-UUID-20',	'SWAG-COUNTRY-UUID-28',	'AL',	0,	1,	'2017-12-14 15:25:56',	NULL),
('SWAG-COUNTRY-STATE-UUID-21',	'SWAG-COUNTRY-UUID-28',	'AK',	0,	1,	'2017-12-14 15:25:56',	NULL),
('SWAG-COUNTRY-STATE-UUID-22',	'SWAG-COUNTRY-UUID-28',	'AZ',	0,	1,	'2017-12-14 15:25:56',	NULL),
('SWAG-COUNTRY-STATE-UUID-23',	'SWAG-COUNTRY-UUID-28',	'AR',	0,	1,	'2017-12-14 15:25:56',	NULL),
('SWAG-COUNTRY-STATE-UUID-24',	'SWAG-COUNTRY-UUID-28',	'CA',	0,	1,	'2017-12-14 15:25:56',	NULL),
('SWAG-COUNTRY-STATE-UUID-25',	'SWAG-COUNTRY-UUID-28',	'CO',	0,	1,	'2017-12-14 15:25:56',	NULL),
('SWAG-COUNTRY-STATE-UUID-26',	'SWAG-COUNTRY-UUID-28',	'CT',	0,	1,	'2017-12-14 15:25:56',	NULL),
('SWAG-COUNTRY-STATE-UUID-27',	'SWAG-COUNTRY-UUID-28',	'DE',	0,	1,	'2017-12-14 15:25:56',	NULL),
('SWAG-COUNTRY-STATE-UUID-28',	'SWAG-COUNTRY-UUID-28',	'FL',	0,	1,	'2017-12-14 15:25:56',	NULL),
('SWAG-COUNTRY-STATE-UUID-29',	'SWAG-COUNTRY-UUID-28',	'GA',	0,	1,	'2017-12-14 15:25:56',	NULL),
('SWAG-COUNTRY-STATE-UUID-3',	'SWAG-COUNTRY-UUID-2',	'NW',	0,	1,	'2017-12-14 15:25:56',	NULL),
('SWAG-COUNTRY-STATE-UUID-30',	'SWAG-COUNTRY-UUID-28',	'HI',	0,	1,	'2017-12-14 15:25:56',	NULL),
('SWAG-COUNTRY-STATE-UUID-31',	'SWAG-COUNTRY-UUID-28',	'ID',	0,	1,	'2017-12-14 15:25:56',	NULL),
('SWAG-COUNTRY-STATE-UUID-32',	'SWAG-COUNTRY-UUID-28',	'IL',	0,	1,	'2017-12-14 15:25:56',	NULL),
('SWAG-COUNTRY-STATE-UUID-33',	'SWAG-COUNTRY-UUID-28',	'IN',	0,	1,	'2017-12-14 15:25:56',	NULL),
('SWAG-COUNTRY-STATE-UUID-34',	'SWAG-COUNTRY-UUID-28',	'IA',	0,	1,	'2017-12-14 15:25:56',	NULL),
('SWAG-COUNTRY-STATE-UUID-35',	'SWAG-COUNTRY-UUID-28',	'KS',	0,	1,	'2017-12-14 15:25:56',	NULL),
('SWAG-COUNTRY-STATE-UUID-36',	'SWAG-COUNTRY-UUID-28',	'KY',	0,	1,	'2017-12-14 15:25:56',	NULL),
('SWAG-COUNTRY-STATE-UUID-37',	'SWAG-COUNTRY-UUID-28',	'LA',	0,	1,	'2017-12-14 15:25:56',	NULL),
('SWAG-COUNTRY-STATE-UUID-38',	'SWAG-COUNTRY-UUID-28',	'ME',	0,	1,	'2017-12-14 15:25:56',	NULL),
('SWAG-COUNTRY-STATE-UUID-39',	'SWAG-COUNTRY-UUID-28',	'MD',	0,	1,	'2017-12-14 15:25:56',	NULL),
('SWAG-COUNTRY-STATE-UUID-40',	'SWAG-COUNTRY-UUID-28',	'MA',	0,	1,	'2017-12-14 15:25:56',	NULL),
('SWAG-COUNTRY-STATE-UUID-41',	'SWAG-COUNTRY-UUID-28',	'MI',	0,	1,	'2017-12-14 15:25:56',	NULL),
('SWAG-COUNTRY-STATE-UUID-42',	'SWAG-COUNTRY-UUID-28',	'MN',	0,	1,	'2017-12-14 15:25:56',	NULL),
('SWAG-COUNTRY-STATE-UUID-43',	'SWAG-COUNTRY-UUID-28',	'MS',	0,	1,	'2017-12-14 15:25:56',	NULL),
('SWAG-COUNTRY-STATE-UUID-44',	'SWAG-COUNTRY-UUID-28',	'MO',	0,	1,	'2017-12-14 15:25:56',	NULL),
('SWAG-COUNTRY-STATE-UUID-45',	'SWAG-COUNTRY-UUID-28',	'MT',	0,	1,	'2017-12-14 15:25:56',	NULL),
('SWAG-COUNTRY-STATE-UUID-46',	'SWAG-COUNTRY-UUID-28',	'NE',	0,	1,	'2017-12-14 15:25:56',	NULL),
('SWAG-COUNTRY-STATE-UUID-47',	'SWAG-COUNTRY-UUID-28',	'NV',	0,	1,	'2017-12-14 15:25:56',	NULL),
('SWAG-COUNTRY-STATE-UUID-48',	'SWAG-COUNTRY-UUID-28',	'NH',	0,	1,	'2017-12-14 15:25:56',	NULL),
('SWAG-COUNTRY-STATE-UUID-49',	'SWAG-COUNTRY-UUID-28',	'NJ',	0,	1,	'2017-12-14 15:25:56',	NULL),
('SWAG-COUNTRY-STATE-UUID-5',	'SWAG-COUNTRY-UUID-2',	'BW',	0,	1,	'2017-12-14 15:25:56',	NULL),
('SWAG-COUNTRY-STATE-UUID-50',	'SWAG-COUNTRY-UUID-28',	'NM',	0,	1,	'2017-12-14 15:25:56',	NULL),
('SWAG-COUNTRY-STATE-UUID-51',	'SWAG-COUNTRY-UUID-28',	'NY',	0,	1,	'2017-12-14 15:25:56',	NULL),
('SWAG-COUNTRY-STATE-UUID-52',	'SWAG-COUNTRY-UUID-28',	'NC',	0,	1,	'2017-12-14 15:25:56',	NULL),
('SWAG-COUNTRY-STATE-UUID-53',	'SWAG-COUNTRY-UUID-28',	'ND',	0,	1,	'2017-12-14 15:25:56',	NULL),
('SWAG-COUNTRY-STATE-UUID-54',	'SWAG-COUNTRY-UUID-28',	'OH',	0,	1,	'2017-12-14 15:25:56',	NULL),
('SWAG-COUNTRY-STATE-UUID-55',	'SWAG-COUNTRY-UUID-28',	'OK',	0,	1,	'2017-12-14 15:25:56',	NULL),
('SWAG-COUNTRY-STATE-UUID-56',	'SWAG-COUNTRY-UUID-28',	'OR',	0,	1,	'2017-12-14 15:25:56',	NULL),
('SWAG-COUNTRY-STATE-UUID-57',	'SWAG-COUNTRY-UUID-28',	'PA',	0,	1,	'2017-12-14 15:25:56',	NULL),
('SWAG-COUNTRY-STATE-UUID-58',	'SWAG-COUNTRY-UUID-28',	'RI',	0,	1,	'2017-12-14 15:25:56',	NULL),
('SWAG-COUNTRY-STATE-UUID-59',	'SWAG-COUNTRY-UUID-28',	'SC',	0,	1,	'2017-12-14 15:25:56',	NULL),
('SWAG-COUNTRY-STATE-UUID-6',	'SWAG-COUNTRY-UUID-2',	'BY',	0,	1,	'2017-12-14 15:25:56',	NULL),
('SWAG-COUNTRY-STATE-UUID-60',	'SWAG-COUNTRY-UUID-28',	'SD',	0,	1,	'2017-12-14 15:25:56',	NULL),
('SWAG-COUNTRY-STATE-UUID-61',	'SWAG-COUNTRY-UUID-28',	'TN',	0,	1,	'2017-12-14 15:25:56',	NULL),
('SWAG-COUNTRY-STATE-UUID-62',	'SWAG-COUNTRY-UUID-28',	'TX',	0,	1,	'2017-12-14 15:25:56',	NULL),
('SWAG-COUNTRY-STATE-UUID-63',	'SWAG-COUNTRY-UUID-28',	'UT',	0,	1,	'2017-12-14 15:25:56',	NULL),
('SWAG-COUNTRY-STATE-UUID-64',	'SWAG-COUNTRY-UUID-28',	'VT',	0,	1,	'2017-12-14 15:25:56',	NULL),
('SWAG-COUNTRY-STATE-UUID-65',	'SWAG-COUNTRY-UUID-28',	'VA',	0,	1,	'2017-12-14 15:25:56',	NULL),
('SWAG-COUNTRY-STATE-UUID-66',	'SWAG-COUNTRY-UUID-28',	'WA',	0,	1,	'2017-12-14 15:25:56',	NULL),
('SWAG-COUNTRY-STATE-UUID-67',	'SWAG-COUNTRY-UUID-28',	'WV',	0,	1,	'2017-12-14 15:25:56',	NULL),
('SWAG-COUNTRY-STATE-UUID-68',	'SWAG-COUNTRY-UUID-28',	'WI',	0,	1,	'2017-12-14 15:25:56',	NULL),
('SWAG-COUNTRY-STATE-UUID-69',	'SWAG-COUNTRY-UUID-28',	'WY',	0,	1,	'2017-12-14 15:25:56',	NULL),
('SWAG-COUNTRY-STATE-UUID-7',	'SWAG-COUNTRY-UUID-2',	'BE',	0,	1,	'2017-12-14 15:25:56',	NULL),
('SWAG-COUNTRY-STATE-UUID-8',	'SWAG-COUNTRY-UUID-2',	'BB',	0,	1,	'2017-12-14 15:25:56',	NULL),
('SWAG-COUNTRY-STATE-UUID-9',	'SWAG-COUNTRY-UUID-2',	'HB',	0,	1,	'2017-12-14 15:25:56',	NULL);

INSERT INTO `country_state_translation` (`country_state_uuid`, `language_uuid`, `name`) VALUES
('SWAG-COUNTRY-STATE-UUID-10',	'SWAG-SHOP-UUID-1',	'Hamburg'),
('SWAG-COUNTRY-STATE-UUID-11',	'SWAG-SHOP-UUID-1',	'Hessen'),
('SWAG-COUNTRY-STATE-UUID-12',	'SWAG-SHOP-UUID-1',	'Mecklenburg-Vorpommern'),
('SWAG-COUNTRY-STATE-UUID-13',	'SWAG-SHOP-UUID-1',	'Rheinland-Pfalz'),
('SWAG-COUNTRY-STATE-UUID-14',	'SWAG-SHOP-UUID-1',	'Saarland'),
('SWAG-COUNTRY-STATE-UUID-15',	'SWAG-SHOP-UUID-1',	'Sachsen'),
('SWAG-COUNTRY-STATE-UUID-16',	'SWAG-SHOP-UUID-1',	'Sachsen-Anhalt'),
('SWAG-COUNTRY-STATE-UUID-17',	'SWAG-SHOP-UUID-1',	'Schleswig-Holstein'),
('SWAG-COUNTRY-STATE-UUID-18',	'SWAG-SHOP-UUID-1',	'Thüringen'),
('SWAG-COUNTRY-STATE-UUID-2',	'SWAG-SHOP-UUID-1',	'Niedersachsen'),
('SWAG-COUNTRY-STATE-UUID-20',	'SWAG-SHOP-UUID-1',	'Alabama'),
('SWAG-COUNTRY-STATE-UUID-21',	'SWAG-SHOP-UUID-1',	'Alaska'),
('SWAG-COUNTRY-STATE-UUID-22',	'SWAG-SHOP-UUID-1',	'Arizona'),
('SWAG-COUNTRY-STATE-UUID-23',	'SWAG-SHOP-UUID-1',	'Arkansas'),
('SWAG-COUNTRY-STATE-UUID-24',	'SWAG-SHOP-UUID-1',	'Kalifornien'),
('SWAG-COUNTRY-STATE-UUID-25',	'SWAG-SHOP-UUID-1',	'Colorado'),
('SWAG-COUNTRY-STATE-UUID-26',	'SWAG-SHOP-UUID-1',	'Connecticut'),
('SWAG-COUNTRY-STATE-UUID-27',	'SWAG-SHOP-UUID-1',	'Delaware'),
('SWAG-COUNTRY-STATE-UUID-28',	'SWAG-SHOP-UUID-1',	'Florida'),
('SWAG-COUNTRY-STATE-UUID-29',	'SWAG-SHOP-UUID-1',	'Georgia'),
('SWAG-COUNTRY-STATE-UUID-3',	'SWAG-SHOP-UUID-1',	'Nordrhein-Westfalen'),
('SWAG-COUNTRY-STATE-UUID-30',	'SWAG-SHOP-UUID-1',	'Hawaii'),
('SWAG-COUNTRY-STATE-UUID-31',	'SWAG-SHOP-UUID-1',	'Idaho'),
('SWAG-COUNTRY-STATE-UUID-32',	'SWAG-SHOP-UUID-1',	'Illinois'),
('SWAG-COUNTRY-STATE-UUID-33',	'SWAG-SHOP-UUID-1',	'Indiana'),
('SWAG-COUNTRY-STATE-UUID-34',	'SWAG-SHOP-UUID-1',	'Iowa'),
('SWAG-COUNTRY-STATE-UUID-35',	'SWAG-SHOP-UUID-1',	'Kansas'),
('SWAG-COUNTRY-STATE-UUID-36',	'SWAG-SHOP-UUID-1',	'Kentucky'),
('SWAG-COUNTRY-STATE-UUID-37',	'SWAG-SHOP-UUID-1',	'Louisiana'),
('SWAG-COUNTRY-STATE-UUID-38',	'SWAG-SHOP-UUID-1',	'Maine'),
('SWAG-COUNTRY-STATE-UUID-39',	'SWAG-SHOP-UUID-1',	'Maryland'),
('SWAG-COUNTRY-STATE-UUID-40',	'SWAG-SHOP-UUID-1',	'Massachusetts'),
('SWAG-COUNTRY-STATE-UUID-41',	'SWAG-SHOP-UUID-1',	'Michigan'),
('SWAG-COUNTRY-STATE-UUID-42',	'SWAG-SHOP-UUID-1',	'Minnesota'),
('SWAG-COUNTRY-STATE-UUID-43',	'SWAG-SHOP-UUID-1',	'Mississippi'),
('SWAG-COUNTRY-STATE-UUID-44',	'SWAG-SHOP-UUID-1',	'Missouri'),
('SWAG-COUNTRY-STATE-UUID-45',	'SWAG-SHOP-UUID-1',	'Montana'),
('SWAG-COUNTRY-STATE-UUID-46',	'SWAG-SHOP-UUID-1',	'Nebraska'),
('SWAG-COUNTRY-STATE-UUID-47',	'SWAG-SHOP-UUID-1',	'Nevada'),
('SWAG-COUNTRY-STATE-UUID-48',	'SWAG-SHOP-UUID-1',	'New Hampshire'),
('SWAG-COUNTRY-STATE-UUID-49',	'SWAG-SHOP-UUID-1',	'New Jersey'),
('SWAG-COUNTRY-STATE-UUID-5',	'SWAG-SHOP-UUID-1',	'Baden-Württemberg'),
('SWAG-COUNTRY-STATE-UUID-50',	'SWAG-SHOP-UUID-1',	'New Mexico'),
('SWAG-COUNTRY-STATE-UUID-51',	'SWAG-SHOP-UUID-1',	'New York'),
('SWAG-COUNTRY-STATE-UUID-52',	'SWAG-SHOP-UUID-1',	'North Carolina'),
('SWAG-COUNTRY-STATE-UUID-53',	'SWAG-SHOP-UUID-1',	'North Dakota'),
('SWAG-COUNTRY-STATE-UUID-54',	'SWAG-SHOP-UUID-1',	'Ohio'),
('SWAG-COUNTRY-STATE-UUID-55',	'SWAG-SHOP-UUID-1',	'Oklahoma'),
('SWAG-COUNTRY-STATE-UUID-56',	'SWAG-SHOP-UUID-1',	'Oregon'),
('SWAG-COUNTRY-STATE-UUID-57',	'SWAG-SHOP-UUID-1',	'Pennsylvania'),
('SWAG-COUNTRY-STATE-UUID-58',	'SWAG-SHOP-UUID-1',	'Rhode Island'),
('SWAG-COUNTRY-STATE-UUID-59',	'SWAG-SHOP-UUID-1',	'South Carolina'),
('SWAG-COUNTRY-STATE-UUID-6',	'SWAG-SHOP-UUID-1',	'Bayern'),
('SWAG-COUNTRY-STATE-UUID-60',	'SWAG-SHOP-UUID-1',	'South Dakota'),
('SWAG-COUNTRY-STATE-UUID-61',	'SWAG-SHOP-UUID-1',	'Tennessee'),
('SWAG-COUNTRY-STATE-UUID-62',	'SWAG-SHOP-UUID-1',	'Texas'),
('SWAG-COUNTRY-STATE-UUID-63',	'SWAG-SHOP-UUID-1',	'Utah'),
('SWAG-COUNTRY-STATE-UUID-64',	'SWAG-SHOP-UUID-1',	'Vermont'),
('SWAG-COUNTRY-STATE-UUID-65',	'SWAG-SHOP-UUID-1',	'Virginia'),
('SWAG-COUNTRY-STATE-UUID-66',	'SWAG-SHOP-UUID-1',	'Washington'),
('SWAG-COUNTRY-STATE-UUID-67',	'SWAG-SHOP-UUID-1',	'West Virginia'),
('SWAG-COUNTRY-STATE-UUID-68',	'SWAG-SHOP-UUID-1',	'Wisconsin'),
('SWAG-COUNTRY-STATE-UUID-69',	'SWAG-SHOP-UUID-1',	'Wyoming'),
('SWAG-COUNTRY-STATE-UUID-7',	'SWAG-SHOP-UUID-1',	'Berlin'),
('SWAG-COUNTRY-STATE-UUID-8',	'SWAG-SHOP-UUID-1',	'Brandenburg'),
('SWAG-COUNTRY-STATE-UUID-9',	'SWAG-SHOP-UUID-1',	'Bremen');

INSERT INTO `country_translation` (`country_uuid`, `language_uuid`, `name`) VALUES
('SWAG-COUNTRY-UUID-10',	'SWAG-SHOP-UUID-1',	'Griechenland'),
('SWAG-COUNTRY-UUID-11',	'SWAG-SHOP-UUID-1',	'Großbritannien'),
('SWAG-COUNTRY-UUID-12',	'SWAG-SHOP-UUID-1',	'Irland'),
('SWAG-COUNTRY-UUID-13',	'SWAG-SHOP-UUID-1',	'Island'),
('SWAG-COUNTRY-UUID-14',	'SWAG-SHOP-UUID-1',	'Italien'),
('SWAG-COUNTRY-UUID-15',	'SWAG-SHOP-UUID-1',	'Japan'),
('SWAG-COUNTRY-UUID-16',	'SWAG-SHOP-UUID-1',	'Kanada'),
('SWAG-COUNTRY-UUID-18',	'SWAG-SHOP-UUID-1',	'Luxemburg'),
('SWAG-COUNTRY-UUID-2',	'SWAG-SHOP-UUID-1',	'Deutschland'),
('SWAG-COUNTRY-UUID-20',	'SWAG-SHOP-UUID-1',	'Namibia'),
('SWAG-COUNTRY-UUID-21',	'SWAG-SHOP-UUID-1',	'Niederlande'),
('SWAG-COUNTRY-UUID-22',	'SWAG-SHOP-UUID-1',	'Norwegen'),
('SWAG-COUNTRY-UUID-23',	'SWAG-SHOP-UUID-1',	'Österreich'),
('SWAG-COUNTRY-UUID-24',	'SWAG-SHOP-UUID-1',	'Portugal'),
('SWAG-COUNTRY-UUID-25',	'SWAG-SHOP-UUID-1',	'Schweden'),
('SWAG-COUNTRY-UUID-26',	'SWAG-SHOP-UUID-1',	'Schweiz'),
('SWAG-COUNTRY-UUID-27',	'SWAG-SHOP-UUID-1',	'Spanien'),
('SWAG-COUNTRY-UUID-28',	'SWAG-SHOP-UUID-1',	'USA'),
('SWAG-COUNTRY-UUID-29',	'SWAG-SHOP-UUID-1',	'Liechtenstein'),
('SWAG-COUNTRY-UUID-3',	'SWAG-SHOP-UUID-1',	'Arabische Emirate'),
('SWAG-COUNTRY-UUID-30',	'SWAG-SHOP-UUID-1',	'Polen'),
('SWAG-COUNTRY-UUID-31',	'SWAG-SHOP-UUID-1',	'Ungarn'),
('SWAG-COUNTRY-UUID-32',	'SWAG-SHOP-UUID-1',	'Türkei'),
('SWAG-COUNTRY-UUID-33',	'SWAG-SHOP-UUID-1',	'Tschechien'),
('SWAG-COUNTRY-UUID-34',	'SWAG-SHOP-UUID-1',	'Slowakei'),
('SWAG-COUNTRY-UUID-35',	'SWAG-SHOP-UUID-1',	'Rum&auml;nien'),
('SWAG-COUNTRY-UUID-36',	'SWAG-SHOP-UUID-1',	'Brasilien'),
('SWAG-COUNTRY-UUID-37',	'SWAG-SHOP-UUID-1',	'Israel'),
('SWAG-COUNTRY-UUID-4',	'SWAG-SHOP-UUID-1',	'Australien'),
('SWAG-COUNTRY-UUID-5',	'SWAG-SHOP-UUID-1',	'Belgien'),
('SWAG-COUNTRY-UUID-7',	'SWAG-SHOP-UUID-1',	'Dänemark'),
('SWAG-COUNTRY-UUID-8',	'SWAG-SHOP-UUID-1',	'Finnland'),
('SWAG-COUNTRY-UUID-9',	'SWAG-SHOP-UUID-1',	'Frankreich');

INSERT INTO `currency` (`uuid`, `is_default`, `factor`, `symbol`, `symbol_position`, `position`, `created_at`, `updated_at`) VALUES
('SWAG-CURRENCY-UUID-1',	1,	1,	'&euro;',	0,	0,	'2017-12-14 15:25:57',	NULL),
('SWAG-CURRENCY-UUID-2',	0,	1.3625,	'$',	0,	0,	'2017-12-14 15:25:57',	NULL);

INSERT INTO `currency_translation` (`currency_uuid`, `language_uuid`, `short_name`, `name`) VALUES
('SWAG-CURRENCY-UUID-1',	'SWAG-SHOP-UUID-1',	'EUR',	'Euro'),
('SWAG-CURRENCY-UUID-2',	'SWAG-SHOP-UUID-1',	'USD',	'US-Dollar');

INSERT INTO `customer_group` (`uuid`, `display_gross`, `input_gross`, `has_global_discount`, `percentage_global_discount`, `minimum_order_amount`, `minimum_order_amount_surcharge`, `created_at`, `updated_at`) VALUES
('3294e6f6-372b-415f-ac73-71cbc191548f',	1,	1,	0,	0,	10,	5,	'2017-12-14 15:25:58',	NULL),
('SWAG-CUSTOMER-GROUP-UUID-2',	0,	0,	0,	0,	0,	0,	'2017-12-14 15:25:58',	NULL);

INSERT INTO `customer_group_translation` (`customer_group_uuid`, `language_uuid`, `name`) VALUES
('3294e6f6-372b-415f-ac73-71cbc191548f',	'SWAG-SHOP-UUID-1',	'Shopkunden'),
('SWAG-CUSTOMER-GROUP-UUID-2',	'SWAG-SHOP-UUID-1',	'B2B / Händler netto');

INSERT INTO `locale` (`uuid`, `code`, `created_at`, `updated_at`) VALUES
('SWAG-LOCALE-UUID-1',	'de_DE',	'2017-12-14 15:25:59',	NULL),
('SWAG-LOCALE-UUID-10',	'ar_AE',	'2017-12-14 15:25:59',	NULL),
('SWAG-LOCALE-UUID-100',	'fa_AF',	'2017-12-14 15:25:59',	NULL),
('SWAG-LOCALE-UUID-101',	'fa_IR',	'2017-12-14 15:25:59',	NULL),
('SWAG-LOCALE-UUID-102',	'fi_FI',	'2017-12-14 15:25:59',	NULL),
('SWAG-LOCALE-UUID-103',	'fil_PH',	'2017-12-14 15:25:59',	NULL),
('SWAG-LOCALE-UUID-104',	'fo_FO',	'2017-12-14 15:25:59',	NULL),
('SWAG-LOCALE-UUID-105',	'fr_BE',	'2017-12-14 15:25:59',	NULL),
('SWAG-LOCALE-UUID-106',	'fr_CA',	'2017-12-14 15:25:59',	NULL),
('SWAG-LOCALE-UUID-107',	'fr_CH',	'2017-12-14 15:25:59',	NULL),
('SWAG-LOCALE-UUID-108',	'fr_FR',	'2017-12-14 15:25:59',	NULL),
('SWAG-LOCALE-UUID-109',	'fr_LU',	'2017-12-14 15:25:59',	NULL),
('SWAG-LOCALE-UUID-11',	'ar_BH',	'2017-12-14 15:25:59',	NULL),
('SWAG-LOCALE-UUID-110',	'fr_MC',	'2017-12-14 15:25:59',	NULL),
('SWAG-LOCALE-UUID-111',	'fr_SN',	'2017-12-14 15:25:59',	NULL),
('SWAG-LOCALE-UUID-112',	'fur_IT',	'2017-12-14 15:25:59',	NULL),
('SWAG-LOCALE-UUID-113',	'ga_IE',	'2017-12-14 15:25:59',	NULL),
('SWAG-LOCALE-UUID-114',	'gaa_GH',	'2017-12-14 15:25:59',	NULL),
('SWAG-LOCALE-UUID-115',	'gez_ER',	'2017-12-14 15:25:59',	NULL),
('SWAG-LOCALE-UUID-116',	'gez_ET',	'2017-12-14 15:25:59',	NULL),
('SWAG-LOCALE-UUID-117',	'gl_ES',	'2017-12-14 15:25:59',	NULL),
('SWAG-LOCALE-UUID-118',	'gsw_CH',	'2017-12-14 15:25:59',	NULL),
('SWAG-LOCALE-UUID-119',	'gu_IN',	'2017-12-14 15:25:59',	NULL),
('SWAG-LOCALE-UUID-12',	'ar_DZ',	'2017-12-14 15:25:59',	NULL),
('SWAG-LOCALE-UUID-120',	'gv_GB',	'2017-12-14 15:25:59',	NULL),
('SWAG-LOCALE-UUID-121',	'ha_GH',	'2017-12-14 15:25:59',	NULL),
('SWAG-LOCALE-UUID-122',	'ha_NE',	'2017-12-14 15:25:59',	NULL),
('SWAG-LOCALE-UUID-123',	'ha_NG',	'2017-12-14 15:25:59',	NULL),
('SWAG-LOCALE-UUID-124',	'ha_SD',	'2017-12-14 15:25:59',	NULL),
('SWAG-LOCALE-UUID-125',	'haw_US',	'2017-12-14 15:25:59',	NULL),
('SWAG-LOCALE-UUID-126',	'he_IL',	'2017-12-14 15:25:59',	NULL),
('SWAG-LOCALE-UUID-127',	'hi_IN',	'2017-12-14 15:25:59',	NULL),
('SWAG-LOCALE-UUID-128',	'hr_HR',	'2017-12-14 15:25:59',	NULL),
('SWAG-LOCALE-UUID-129',	'hu_HU',	'2017-12-14 15:25:59',	NULL),
('SWAG-LOCALE-UUID-13',	'ar_EG',	'2017-12-14 15:25:59',	NULL),
('SWAG-LOCALE-UUID-130',	'hy_AM',	'2017-12-14 15:25:59',	NULL),
('SWAG-LOCALE-UUID-131',	'id_ID',	'2017-12-14 15:25:59',	NULL),
('SWAG-LOCALE-UUID-132',	'ig_NG',	'2017-12-14 15:25:59',	NULL),
('SWAG-LOCALE-UUID-133',	'ii_CN',	'2017-12-14 15:25:59',	NULL),
('SWAG-LOCALE-UUID-134',	'is_IS',	'2017-12-14 15:25:59',	NULL),
('SWAG-LOCALE-UUID-135',	'it_CH',	'2017-12-14 15:25:59',	NULL),
('SWAG-LOCALE-UUID-136',	'it_IT',	'2017-12-14 15:25:59',	NULL),
('SWAG-LOCALE-UUID-137',	'ja_JP',	'2017-12-14 15:25:59',	NULL),
('SWAG-LOCALE-UUID-138',	'ka_GE',	'2017-12-14 15:25:59',	NULL),
('SWAG-LOCALE-UUID-139',	'kaj_NG',	'2017-12-14 15:25:59',	NULL),
('SWAG-LOCALE-UUID-14',	'ar_IQ',	'2017-12-14 15:25:59',	NULL),
('SWAG-LOCALE-UUID-140',	'kam_KE',	'2017-12-14 15:25:59',	NULL),
('SWAG-LOCALE-UUID-141',	'kcg_NG',	'2017-12-14 15:25:59',	NULL),
('SWAG-LOCALE-UUID-142',	'kfo_CI',	'2017-12-14 15:25:59',	NULL),
('SWAG-LOCALE-UUID-143',	'kk_KZ',	'2017-12-14 15:25:59',	NULL),
('SWAG-LOCALE-UUID-144',	'kl_GL',	'2017-12-14 15:25:59',	NULL),
('SWAG-LOCALE-UUID-145',	'km_KH',	'2017-12-14 15:25:59',	NULL),
('SWAG-LOCALE-UUID-146',	'kn_IN',	'2017-12-14 15:25:59',	NULL),
('SWAG-LOCALE-UUID-147',	'ko_KR',	'2017-12-14 15:25:59',	NULL),
('SWAG-LOCALE-UUID-148',	'kok_IN',	'2017-12-14 15:25:59',	NULL),
('SWAG-LOCALE-UUID-149',	'kpe_GN',	'2017-12-14 15:25:59',	NULL),
('SWAG-LOCALE-UUID-15',	'ar_JO',	'2017-12-14 15:25:59',	NULL),
('SWAG-LOCALE-UUID-150',	'kpe_LR',	'2017-12-14 15:25:59',	NULL),
('SWAG-LOCALE-UUID-151',	'ku_IQ',	'2017-12-14 15:25:59',	NULL),
('SWAG-LOCALE-UUID-152',	'ku_IR',	'2017-12-14 15:25:59',	NULL),
('SWAG-LOCALE-UUID-153',	'ku_SY',	'2017-12-14 15:25:59',	NULL),
('SWAG-LOCALE-UUID-154',	'ku_TR',	'2017-12-14 15:25:59',	NULL),
('SWAG-LOCALE-UUID-155',	'kw_GB',	'2017-12-14 15:25:59',	NULL),
('SWAG-LOCALE-UUID-156',	'ky_KG',	'2017-12-14 15:25:59',	NULL),
('SWAG-LOCALE-UUID-157',	'ln_CD',	'2017-12-14 15:25:59',	NULL),
('SWAG-LOCALE-UUID-158',	'ln_CG',	'2017-12-14 15:25:59',	NULL),
('SWAG-LOCALE-UUID-159',	'lo_LA',	'2017-12-14 15:25:59',	NULL),
('SWAG-LOCALE-UUID-16',	'ar_KW',	'2017-12-14 15:25:59',	NULL),
('SWAG-LOCALE-UUID-160',	'lt_LT',	'2017-12-14 15:25:59',	NULL),
('SWAG-LOCALE-UUID-161',	'lv_LV',	'2017-12-14 15:25:59',	NULL),
('SWAG-LOCALE-UUID-162',	'mk_MK',	'2017-12-14 15:25:59',	NULL),
('SWAG-LOCALE-UUID-163',	'ml_IN',	'2017-12-14 15:25:59',	NULL),
('SWAG-LOCALE-UUID-164',	'mn_CN',	'2017-12-14 15:25:59',	NULL),
('SWAG-LOCALE-UUID-165',	'mn_MN',	'2017-12-14 15:25:59',	NULL),
('SWAG-LOCALE-UUID-166',	'mr_IN',	'2017-12-14 15:25:59',	NULL),
('SWAG-LOCALE-UUID-167',	'ms_BN',	'2017-12-14 15:25:59',	NULL),
('SWAG-LOCALE-UUID-168',	'ms_MY',	'2017-12-14 15:25:59',	NULL),
('SWAG-LOCALE-UUID-169',	'mt_MT',	'2017-12-14 15:25:59',	NULL),
('SWAG-LOCALE-UUID-17',	'ar_LB',	'2017-12-14 15:25:59',	NULL),
('SWAG-LOCALE-UUID-170',	'my_MM',	'2017-12-14 15:25:59',	NULL),
('SWAG-LOCALE-UUID-171',	'nb_NO',	'2017-12-14 15:25:59',	NULL),
('SWAG-LOCALE-UUID-172',	'nds_DE',	'2017-12-14 15:25:59',	NULL),
('SWAG-LOCALE-UUID-173',	'ne_IN',	'2017-12-14 15:25:59',	NULL),
('SWAG-LOCALE-UUID-174',	'ne_NP',	'2017-12-14 15:25:59',	NULL),
('SWAG-LOCALE-UUID-175',	'nl_BE',	'2017-12-14 15:25:59',	NULL),
('SWAG-LOCALE-UUID-176',	'nl_NL',	'2017-12-14 15:25:59',	NULL),
('SWAG-LOCALE-UUID-177',	'nn_NO',	'2017-12-14 15:25:59',	NULL),
('SWAG-LOCALE-UUID-178',	'nr_ZA',	'2017-12-14 15:25:59',	NULL),
('SWAG-LOCALE-UUID-179',	'nso_ZA',	'2017-12-14 15:25:59',	NULL),
('SWAG-LOCALE-UUID-18',	'ar_LY',	'2017-12-14 15:25:59',	NULL),
('SWAG-LOCALE-UUID-180',	'ny_MW',	'2017-12-14 15:25:59',	NULL),
('SWAG-LOCALE-UUID-181',	'oc_FR',	'2017-12-14 15:25:59',	NULL),
('SWAG-LOCALE-UUID-182',	'om_ET',	'2017-12-14 15:25:59',	NULL),
('SWAG-LOCALE-UUID-183',	'om_KE',	'2017-12-14 15:25:59',	NULL),
('SWAG-LOCALE-UUID-184',	'or_IN',	'2017-12-14 15:25:59',	NULL),
('SWAG-LOCALE-UUID-185',	'pa_IN',	'2017-12-14 15:25:59',	NULL),
('SWAG-LOCALE-UUID-186',	'pa_PK',	'2017-12-14 15:25:59',	NULL),
('SWAG-LOCALE-UUID-187',	'pl_PL',	'2017-12-14 15:25:59',	NULL),
('SWAG-LOCALE-UUID-188',	'ps_AF',	'2017-12-14 15:25:59',	NULL),
('SWAG-LOCALE-UUID-189',	'pt_BR',	'2017-12-14 15:25:59',	NULL),
('SWAG-LOCALE-UUID-19',	'ar_MA',	'2017-12-14 15:25:59',	NULL),
('SWAG-LOCALE-UUID-190',	'pt_PT',	'2017-12-14 15:25:59',	NULL),
('SWAG-LOCALE-UUID-191',	'ro_MD',	'2017-12-14 15:25:59',	NULL),
('SWAG-LOCALE-UUID-192',	'ro_RO',	'2017-12-14 15:25:59',	NULL),
('SWAG-LOCALE-UUID-193',	'ru_RU',	'2017-12-14 15:25:59',	NULL),
('SWAG-LOCALE-UUID-194',	'ru_UA',	'2017-12-14 15:25:59',	NULL),
('SWAG-LOCALE-UUID-195',	'rw_RW',	'2017-12-14 15:25:59',	NULL),
('SWAG-LOCALE-UUID-196',	'sa_IN',	'2017-12-14 15:25:59',	NULL),
('SWAG-LOCALE-UUID-197',	'se_FI',	'2017-12-14 15:25:59',	NULL),
('SWAG-LOCALE-UUID-198',	'se_NO',	'2017-12-14 15:25:59',	NULL),
('SWAG-LOCALE-UUID-199',	'sh_BA',	'2017-12-14 15:25:59',	NULL),
('SWAG-LOCALE-UUID-2',	'en_GB',	'2017-12-14 15:25:59',	NULL),
('SWAG-LOCALE-UUID-20',	'ar_OM',	'2017-12-14 15:25:59',	NULL),
('SWAG-LOCALE-UUID-200',	'sh_CS',	'2017-12-14 15:25:59',	NULL),
('SWAG-LOCALE-UUID-201',	'sh_YU',	'2017-12-14 15:25:59',	NULL),
('SWAG-LOCALE-UUID-202',	'si_LK',	'2017-12-14 15:25:59',	NULL),
('SWAG-LOCALE-UUID-203',	'sid_ET',	'2017-12-14 15:25:59',	NULL),
('SWAG-LOCALE-UUID-204',	'sk_SK',	'2017-12-14 15:25:59',	NULL),
('SWAG-LOCALE-UUID-205',	'sl_SI',	'2017-12-14 15:25:59',	NULL),
('SWAG-LOCALE-UUID-206',	'so_DJ',	'2017-12-14 15:25:59',	NULL),
('SWAG-LOCALE-UUID-207',	'so_ET',	'2017-12-14 15:25:59',	NULL),
('SWAG-LOCALE-UUID-208',	'so_KE',	'2017-12-14 15:25:59',	NULL),
('SWAG-LOCALE-UUID-209',	'so_SO',	'2017-12-14 15:25:59',	NULL),
('SWAG-LOCALE-UUID-21',	'ar_QA',	'2017-12-14 15:25:59',	NULL),
('SWAG-LOCALE-UUID-210',	'sq_AL',	'2017-12-14 15:25:59',	NULL),
('SWAG-LOCALE-UUID-211',	'sr_BA',	'2017-12-14 15:25:59',	NULL),
('SWAG-LOCALE-UUID-212',	'sr_CS',	'2017-12-14 15:25:59',	NULL),
('SWAG-LOCALE-UUID-213',	'sr_ME',	'2017-12-14 15:25:59',	NULL),
('SWAG-LOCALE-UUID-214',	'sr_RS',	'2017-12-14 15:25:59',	NULL),
('SWAG-LOCALE-UUID-215',	'sr_YU',	'2017-12-14 15:25:59',	NULL),
('SWAG-LOCALE-UUID-216',	'ss_SZ',	'2017-12-14 15:25:59',	NULL),
('SWAG-LOCALE-UUID-217',	'ss_ZA',	'2017-12-14 15:25:59',	NULL),
('SWAG-LOCALE-UUID-218',	'st_LS',	'2017-12-14 15:25:59',	NULL),
('SWAG-LOCALE-UUID-219',	'st_ZA',	'2017-12-14 15:25:59',	NULL),
('SWAG-LOCALE-UUID-22',	'ar_SA',	'2017-12-14 15:25:59',	NULL),
('SWAG-LOCALE-UUID-220',	'sv_FI',	'2017-12-14 15:25:59',	NULL),
('SWAG-LOCALE-UUID-221',	'sv_SE',	'2017-12-14 15:25:59',	NULL),
('SWAG-LOCALE-UUID-222',	'sw_KE',	'2017-12-14 15:25:59',	NULL),
('SWAG-LOCALE-UUID-223',	'sw_TZ',	'2017-12-14 15:25:59',	NULL),
('SWAG-LOCALE-UUID-224',	'syr_SY',	'2017-12-14 15:25:59',	NULL),
('SWAG-LOCALE-UUID-225',	'ta_IN',	'2017-12-14 15:25:59',	NULL),
('SWAG-LOCALE-UUID-226',	'te_IN',	'2017-12-14 15:25:59',	NULL),
('SWAG-LOCALE-UUID-227',	'tg_TJ',	'2017-12-14 15:25:59',	NULL),
('SWAG-LOCALE-UUID-228',	'th_TH',	'2017-12-14 15:25:59',	NULL),
('SWAG-LOCALE-UUID-229',	'ti_ER',	'2017-12-14 15:25:59',	NULL),
('SWAG-LOCALE-UUID-23',	'ar_SD',	'2017-12-14 15:25:59',	NULL),
('SWAG-LOCALE-UUID-230',	'ti_ET',	'2017-12-14 15:25:59',	NULL),
('SWAG-LOCALE-UUID-231',	'tig_ER',	'2017-12-14 15:25:59',	NULL),
('SWAG-LOCALE-UUID-232',	'tn_ZA',	'2017-12-14 15:25:59',	NULL),
('SWAG-LOCALE-UUID-233',	'to_TO',	'2017-12-14 15:25:59',	NULL),
('SWAG-LOCALE-UUID-234',	'tr_TR',	'2017-12-14 15:25:59',	NULL),
('SWAG-LOCALE-UUID-236',	'ts_ZA',	'2017-12-14 15:25:59',	NULL),
('SWAG-LOCALE-UUID-237',	'tt_RU',	'2017-12-14 15:25:59',	NULL),
('SWAG-LOCALE-UUID-238',	'ug_CN',	'2017-12-14 15:25:59',	NULL),
('SWAG-LOCALE-UUID-239',	'uk_UA',	'2017-12-14 15:25:59',	NULL),
('SWAG-LOCALE-UUID-24',	'ar_SY',	'2017-12-14 15:25:59',	NULL),
('SWAG-LOCALE-UUID-240',	'ur_IN',	'2017-12-14 15:25:59',	NULL),
('SWAG-LOCALE-UUID-241',	'ur_PK',	'2017-12-14 15:25:59',	NULL),
('SWAG-LOCALE-UUID-242',	'uz_AF',	'2017-12-14 15:25:59',	NULL),
('SWAG-LOCALE-UUID-243',	'uz_UZ',	'2017-12-14 15:25:59',	NULL),
('SWAG-LOCALE-UUID-244',	've_ZA',	'2017-12-14 15:25:59',	NULL),
('SWAG-LOCALE-UUID-245',	'vi_VN',	'2017-12-14 15:25:59',	NULL),
('SWAG-LOCALE-UUID-246',	'wal_ET',	'2017-12-14 15:25:59',	NULL),
('SWAG-LOCALE-UUID-247',	'wo_SN',	'2017-12-14 15:25:59',	NULL),
('SWAG-LOCALE-UUID-248',	'xh_ZA',	'2017-12-14 15:25:59',	NULL),
('SWAG-LOCALE-UUID-249',	'yo_NG',	'2017-12-14 15:25:59',	NULL),
('SWAG-LOCALE-UUID-25',	'ar_TN',	'2017-12-14 15:25:59',	NULL),
('SWAG-LOCALE-UUID-250',	'zh_CN',	'2017-12-14 15:25:59',	NULL),
('SWAG-LOCALE-UUID-251',	'zh_HK',	'2017-12-14 15:25:59',	NULL),
('SWAG-LOCALE-UUID-252',	'zh_MO',	'2017-12-14 15:25:59',	NULL),
('SWAG-LOCALE-UUID-253',	'zh_SG',	'2017-12-14 15:25:59',	NULL),
('SWAG-LOCALE-UUID-254',	'zh_TW',	'2017-12-14 15:25:59',	NULL),
('SWAG-LOCALE-UUID-255',	'zu_ZA',	'2017-12-14 15:25:59',	NULL),
('SWAG-LOCALE-UUID-26',	'ar_YE',	'2017-12-14 15:25:59',	NULL),
('SWAG-LOCALE-UUID-27',	'as_IN',	'2017-12-14 15:25:59',	NULL),
('SWAG-LOCALE-UUID-28',	'az_AZ',	'2017-12-14 15:25:59',	NULL),
('SWAG-LOCALE-UUID-29',	'be_BY',	'2017-12-14 15:25:59',	NULL),
('SWAG-LOCALE-UUID-3',	'aa_DJ',	'2017-12-14 15:25:59',	NULL),
('SWAG-LOCALE-UUID-30',	'bg_BG',	'2017-12-14 15:25:59',	NULL),
('SWAG-LOCALE-UUID-31',	'bn_BD',	'2017-12-14 15:25:59',	NULL),
('SWAG-LOCALE-UUID-32',	'bn_IN',	'2017-12-14 15:25:59',	NULL),
('SWAG-LOCALE-UUID-33',	'bo_CN',	'2017-12-14 15:25:59',	NULL),
('SWAG-LOCALE-UUID-34',	'bo_IN',	'2017-12-14 15:25:59',	NULL),
('SWAG-LOCALE-UUID-35',	'bs_BA',	'2017-12-14 15:25:59',	NULL),
('SWAG-LOCALE-UUID-36',	'byn_ER',	'2017-12-14 15:25:59',	NULL),
('SWAG-LOCALE-UUID-37',	'ca_ES',	'2017-12-14 15:25:59',	NULL),
('SWAG-LOCALE-UUID-38',	'cch_NG',	'2017-12-14 15:25:59',	NULL),
('SWAG-LOCALE-UUID-39',	'cs_CZ',	'2017-12-14 15:25:59',	NULL),
('SWAG-LOCALE-UUID-4',	'aa_ER',	'2017-12-14 15:25:59',	NULL),
('SWAG-LOCALE-UUID-40',	'cy_GB',	'2017-12-14 15:25:59',	NULL),
('SWAG-LOCALE-UUID-41',	'da_DK',	'2017-12-14 15:25:59',	NULL),
('SWAG-LOCALE-UUID-42',	'de_AT',	'2017-12-14 15:25:59',	NULL),
('SWAG-LOCALE-UUID-43',	'de_BE',	'2017-12-14 15:25:59',	NULL),
('SWAG-LOCALE-UUID-44',	'de_CH',	'2017-12-14 15:25:59',	NULL),
('SWAG-LOCALE-UUID-45',	'de_LI',	'2017-12-14 15:25:59',	NULL),
('SWAG-LOCALE-UUID-46',	'de_LU',	'2017-12-14 15:25:59',	NULL),
('SWAG-LOCALE-UUID-47',	'dv_MV',	'2017-12-14 15:25:59',	NULL),
('SWAG-LOCALE-UUID-48',	'dz_BT',	'2017-12-14 15:25:59',	NULL),
('SWAG-LOCALE-UUID-49',	'ee_GH',	'2017-12-14 15:25:59',	NULL),
('SWAG-LOCALE-UUID-5',	'aa_ET',	'2017-12-14 15:25:59',	NULL),
('SWAG-LOCALE-UUID-50',	'ee_TG',	'2017-12-14 15:25:59',	NULL),
('SWAG-LOCALE-UUID-51',	'el_CY',	'2017-12-14 15:25:59',	NULL),
('SWAG-LOCALE-UUID-52',	'el_GR',	'2017-12-14 15:25:59',	NULL),
('SWAG-LOCALE-UUID-53',	'en_AS',	'2017-12-14 15:25:59',	NULL),
('SWAG-LOCALE-UUID-54',	'en_AU',	'2017-12-14 15:25:59',	NULL),
('SWAG-LOCALE-UUID-55',	'en_BE',	'2017-12-14 15:25:59',	NULL),
('SWAG-LOCALE-UUID-56',	'en_BW',	'2017-12-14 15:25:59',	NULL),
('SWAG-LOCALE-UUID-57',	'en_BZ',	'2017-12-14 15:25:59',	NULL),
('SWAG-LOCALE-UUID-58',	'en_CA',	'2017-12-14 15:25:59',	NULL),
('SWAG-LOCALE-UUID-59',	'en_GU',	'2017-12-14 15:25:59',	NULL),
('SWAG-LOCALE-UUID-6',	'af_NA',	'2017-12-14 15:25:59',	NULL),
('SWAG-LOCALE-UUID-60',	'en_HK',	'2017-12-14 15:25:59',	NULL),
('SWAG-LOCALE-UUID-61',	'en_IE',	'2017-12-14 15:25:59',	NULL),
('SWAG-LOCALE-UUID-62',	'en_IN',	'2017-12-14 15:25:59',	NULL),
('SWAG-LOCALE-UUID-63',	'en_JM',	'2017-12-14 15:25:59',	NULL),
('SWAG-LOCALE-UUID-64',	'en_MH',	'2017-12-14 15:25:59',	NULL),
('SWAG-LOCALE-UUID-65',	'en_MP',	'2017-12-14 15:25:59',	NULL),
('SWAG-LOCALE-UUID-66',	'en_MT',	'2017-12-14 15:25:59',	NULL),
('SWAG-LOCALE-UUID-67',	'en_NA',	'2017-12-14 15:25:59',	NULL),
('SWAG-LOCALE-UUID-68',	'en_NZ',	'2017-12-14 15:25:59',	NULL),
('SWAG-LOCALE-UUID-69',	'en_PH',	'2017-12-14 15:25:59',	NULL),
('SWAG-LOCALE-UUID-7',	'af_ZA',	'2017-12-14 15:25:59',	NULL),
('SWAG-LOCALE-UUID-70',	'en_PK',	'2017-12-14 15:25:59',	NULL),
('SWAG-LOCALE-UUID-71',	'en_SG',	'2017-12-14 15:25:59',	NULL),
('SWAG-LOCALE-UUID-72',	'en_TT',	'2017-12-14 15:25:59',	NULL),
('SWAG-LOCALE-UUID-73',	'en_UM',	'2017-12-14 15:25:59',	NULL),
('SWAG-LOCALE-UUID-74',	'en_US',	'2017-12-14 15:25:59',	NULL),
('SWAG-LOCALE-UUID-75',	'en_VI',	'2017-12-14 15:25:59',	NULL),
('SWAG-LOCALE-UUID-76',	'en_ZA',	'2017-12-14 15:25:59',	NULL),
('SWAG-LOCALE-UUID-77',	'en_ZW',	'2017-12-14 15:25:59',	NULL),
('SWAG-LOCALE-UUID-78',	'es_AR',	'2017-12-14 15:25:59',	NULL),
('SWAG-LOCALE-UUID-79',	'es_BO',	'2017-12-14 15:25:59',	NULL),
('SWAG-LOCALE-UUID-8',	'ak_GH',	'2017-12-14 15:25:59',	NULL),
('SWAG-LOCALE-UUID-80',	'es_CL',	'2017-12-14 15:25:59',	NULL),
('SWAG-LOCALE-UUID-81',	'es_CO',	'2017-12-14 15:25:59',	NULL),
('SWAG-LOCALE-UUID-82',	'es_CR',	'2017-12-14 15:25:59',	NULL),
('SWAG-LOCALE-UUID-83',	'es_DO',	'2017-12-14 15:25:59',	NULL),
('SWAG-LOCALE-UUID-84',	'es_EC',	'2017-12-14 15:25:59',	NULL),
('SWAG-LOCALE-UUID-85',	'es_ES',	'2017-12-14 15:25:59',	NULL),
('SWAG-LOCALE-UUID-86',	'es_GT',	'2017-12-14 15:25:59',	NULL),
('SWAG-LOCALE-UUID-87',	'es_HN',	'2017-12-14 15:25:59',	NULL),
('SWAG-LOCALE-UUID-88',	'es_MX',	'2017-12-14 15:25:59',	NULL),
('SWAG-LOCALE-UUID-89',	'es_NI',	'2017-12-14 15:25:59',	NULL),
('SWAG-LOCALE-UUID-9',	'am_ET',	'2017-12-14 15:25:59',	NULL),
('SWAG-LOCALE-UUID-90',	'es_PA',	'2017-12-14 15:25:59',	NULL),
('SWAG-LOCALE-UUID-91',	'es_PE',	'2017-12-14 15:25:59',	NULL),
('SWAG-LOCALE-UUID-92',	'es_PR',	'2017-12-14 15:25:59',	NULL),
('SWAG-LOCALE-UUID-93',	'es_PY',	'2017-12-14 15:25:59',	NULL),
('SWAG-LOCALE-UUID-94',	'es_SV',	'2017-12-14 15:25:59',	NULL),
('SWAG-LOCALE-UUID-95',	'es_US',	'2017-12-14 15:25:59',	NULL),
('SWAG-LOCALE-UUID-96',	'es_UY',	'2017-12-14 15:25:59',	NULL),
('SWAG-LOCALE-UUID-97',	'es_VE',	'2017-12-14 15:25:59',	NULL),
('SWAG-LOCALE-UUID-98',	'et_EE',	'2017-12-14 15:25:59',	NULL),
('SWAG-LOCALE-UUID-99',	'eu_ES',	'2017-12-14 15:25:59',	NULL);

INSERT INTO `locale_translation` (`locale_uuid`, `language_uuid`, `name`, `territory`) VALUES
('SWAG-LOCALE-UUID-1',	'SWAG-SHOP-UUID-1',	'Deutsch',	'Deutschland'),
('SWAG-LOCALE-UUID-10',	'SWAG-SHOP-UUID-1',	'Arabisch',	'Vereinigte Arabische Emirate'),
('SWAG-LOCALE-UUID-100',	'SWAG-SHOP-UUID-1',	'Persisch',	'Afghanistan'),
('SWAG-LOCALE-UUID-101',	'SWAG-SHOP-UUID-1',	'Persisch',	'Iran'),
('SWAG-LOCALE-UUID-102',	'SWAG-SHOP-UUID-1',	'Finnisch',	'Finnland'),
('SWAG-LOCALE-UUID-103',	'SWAG-SHOP-UUID-1',	'Filipino',	'Philippinen'),
('SWAG-LOCALE-UUID-104',	'SWAG-SHOP-UUID-1',	'Färöisch',	'Färöer'),
('SWAG-LOCALE-UUID-105',	'SWAG-SHOP-UUID-1',	'Französisch',	'Belgien'),
('SWAG-LOCALE-UUID-106',	'SWAG-SHOP-UUID-1',	'Französisch',	'Kanada'),
('SWAG-LOCALE-UUID-107',	'SWAG-SHOP-UUID-1',	'Französisch',	'Schweiz'),
('SWAG-LOCALE-UUID-108',	'SWAG-SHOP-UUID-1',	'Französisch',	'Frankreich'),
('SWAG-LOCALE-UUID-109',	'SWAG-SHOP-UUID-1',	'Französisch',	'Luxemburg'),
('SWAG-LOCALE-UUID-11',	'SWAG-SHOP-UUID-1',	'Arabisch',	'Bahrain'),
('SWAG-LOCALE-UUID-110',	'SWAG-SHOP-UUID-1',	'Französisch',	'Monaco'),
('SWAG-LOCALE-UUID-111',	'SWAG-SHOP-UUID-1',	'Französisch',	'Senegal'),
('SWAG-LOCALE-UUID-112',	'SWAG-SHOP-UUID-1',	'Friulisch',	'Italien'),
('SWAG-LOCALE-UUID-113',	'SWAG-SHOP-UUID-1',	'Irisch',	'Irland'),
('SWAG-LOCALE-UUID-114',	'SWAG-SHOP-UUID-1',	'Ga-Sprache',	'Ghana'),
('SWAG-LOCALE-UUID-115',	'SWAG-SHOP-UUID-1',	'Geez',	'Eritrea'),
('SWAG-LOCALE-UUID-116',	'SWAG-SHOP-UUID-1',	'Geez',	'Äthiopien'),
('SWAG-LOCALE-UUID-117',	'SWAG-SHOP-UUID-1',	'Galizisch',	'Spanien'),
('SWAG-LOCALE-UUID-118',	'SWAG-SHOP-UUID-1',	'Schweizerdeutsch',	'Schweiz'),
('SWAG-LOCALE-UUID-119',	'SWAG-SHOP-UUID-1',	'Gujarati',	'Indien'),
('SWAG-LOCALE-UUID-12',	'SWAG-SHOP-UUID-1',	'Arabisch',	'Algerien'),
('SWAG-LOCALE-UUID-120',	'SWAG-SHOP-UUID-1',	'Manx',	'Vereinigtes Königreich'),
('SWAG-LOCALE-UUID-121',	'SWAG-SHOP-UUID-1',	'Hausa',	'Ghana'),
('SWAG-LOCALE-UUID-122',	'SWAG-SHOP-UUID-1',	'Hausa',	'Niger'),
('SWAG-LOCALE-UUID-123',	'SWAG-SHOP-UUID-1',	'Hausa',	'Nigeria'),
('SWAG-LOCALE-UUID-124',	'SWAG-SHOP-UUID-1',	'Hausa',	'Sudan'),
('SWAG-LOCALE-UUID-125',	'SWAG-SHOP-UUID-1',	'Hawaiisch',	'Vereinigte Staaten'),
('SWAG-LOCALE-UUID-126',	'SWAG-SHOP-UUID-1',	'Hebräisch',	'Israel'),
('SWAG-LOCALE-UUID-127',	'SWAG-SHOP-UUID-1',	'Hindi',	'Indien'),
('SWAG-LOCALE-UUID-128',	'SWAG-SHOP-UUID-1',	'Kroatisch',	'Kroatien'),
('SWAG-LOCALE-UUID-129',	'SWAG-SHOP-UUID-1',	'Ungarisch',	'Ungarn'),
('SWAG-LOCALE-UUID-13',	'SWAG-SHOP-UUID-1',	'Arabisch',	'Ägypten'),
('SWAG-LOCALE-UUID-130',	'SWAG-SHOP-UUID-1',	'Armenisch',	'Armenien'),
('SWAG-LOCALE-UUID-131',	'SWAG-SHOP-UUID-1',	'Indonesisch',	'Indonesien'),
('SWAG-LOCALE-UUID-132',	'SWAG-SHOP-UUID-1',	'Igbo-Sprache',	'Nigeria'),
('SWAG-LOCALE-UUID-133',	'SWAG-SHOP-UUID-1',	'Sichuan Yi',	'China'),
('SWAG-LOCALE-UUID-134',	'SWAG-SHOP-UUID-1',	'Isländisch',	'Island'),
('SWAG-LOCALE-UUID-135',	'SWAG-SHOP-UUID-1',	'Italienisch',	'Schweiz'),
('SWAG-LOCALE-UUID-136',	'SWAG-SHOP-UUID-1',	'Italienisch',	'Italien'),
('SWAG-LOCALE-UUID-137',	'SWAG-SHOP-UUID-1',	'Japanisch',	'Japan'),
('SWAG-LOCALE-UUID-138',	'SWAG-SHOP-UUID-1',	'Georgisch',	'Georgien'),
('SWAG-LOCALE-UUID-139',	'SWAG-SHOP-UUID-1',	'Jju',	'Nigeria'),
('SWAG-LOCALE-UUID-14',	'SWAG-SHOP-UUID-1',	'Arabisch',	'Irak'),
('SWAG-LOCALE-UUID-140',	'SWAG-SHOP-UUID-1',	'Kamba',	'Kenia'),
('SWAG-LOCALE-UUID-141',	'SWAG-SHOP-UUID-1',	'Tyap',	'Nigeria'),
('SWAG-LOCALE-UUID-142',	'SWAG-SHOP-UUID-1',	'Koro',	'Côte d?Ivoire'),
('SWAG-LOCALE-UUID-143',	'SWAG-SHOP-UUID-1',	'Kasachisch',	'Kasachstan'),
('SWAG-LOCALE-UUID-144',	'SWAG-SHOP-UUID-1',	'Grönländisch',	'Grönland'),
('SWAG-LOCALE-UUID-145',	'SWAG-SHOP-UUID-1',	'Kambodschanisch',	'Kambodscha'),
('SWAG-LOCALE-UUID-146',	'SWAG-SHOP-UUID-1',	'Kannada',	'Indien'),
('SWAG-LOCALE-UUID-147',	'SWAG-SHOP-UUID-1',	'Koreanisch',	'Republik Korea'),
('SWAG-LOCALE-UUID-148',	'SWAG-SHOP-UUID-1',	'Konkani',	'Indien'),
('SWAG-LOCALE-UUID-149',	'SWAG-SHOP-UUID-1',	'Kpelle-Sprache',	'Guinea'),
('SWAG-LOCALE-UUID-15',	'SWAG-SHOP-UUID-1',	'Arabisch',	'Jordanien'),
('SWAG-LOCALE-UUID-150',	'SWAG-SHOP-UUID-1',	'Kpelle-Sprache',	'Liberia'),
('SWAG-LOCALE-UUID-151',	'SWAG-SHOP-UUID-1',	'Kurdisch',	'Irak'),
('SWAG-LOCALE-UUID-152',	'SWAG-SHOP-UUID-1',	'Kurdisch',	'Iran'),
('SWAG-LOCALE-UUID-153',	'SWAG-SHOP-UUID-1',	'Kurdisch',	'Syrien'),
('SWAG-LOCALE-UUID-154',	'SWAG-SHOP-UUID-1',	'Kurdisch',	'Türkei'),
('SWAG-LOCALE-UUID-155',	'SWAG-SHOP-UUID-1',	'Kornisch',	'Vereinigtes Königreich'),
('SWAG-LOCALE-UUID-156',	'SWAG-SHOP-UUID-1',	'Kirgisisch',	'Kirgisistan'),
('SWAG-LOCALE-UUID-157',	'SWAG-SHOP-UUID-1',	'Lingala',	'Demokratische Republik Kongo'),
('SWAG-LOCALE-UUID-158',	'SWAG-SHOP-UUID-1',	'Lingala',	'Kongo'),
('SWAG-LOCALE-UUID-159',	'SWAG-SHOP-UUID-1',	'Laotisch',	'Laos'),
('SWAG-LOCALE-UUID-16',	'SWAG-SHOP-UUID-1',	'Arabisch',	'Kuwait'),
('SWAG-LOCALE-UUID-160',	'SWAG-SHOP-UUID-1',	'Litauisch',	'Litauen'),
('SWAG-LOCALE-UUID-161',	'SWAG-SHOP-UUID-1',	'Lettisch',	'Lettland'),
('SWAG-LOCALE-UUID-162',	'SWAG-SHOP-UUID-1',	'Mazedonisch',	'Mazedonien'),
('SWAG-LOCALE-UUID-163',	'SWAG-SHOP-UUID-1',	'Malayalam',	'Indien'),
('SWAG-LOCALE-UUID-164',	'SWAG-SHOP-UUID-1',	'Mongolisch',	'China'),
('SWAG-LOCALE-UUID-165',	'SWAG-SHOP-UUID-1',	'Mongolisch',	'Mongolei'),
('SWAG-LOCALE-UUID-166',	'SWAG-SHOP-UUID-1',	'Marathi',	'Indien'),
('SWAG-LOCALE-UUID-167',	'SWAG-SHOP-UUID-1',	'Malaiisch',	'Brunei Darussalam'),
('SWAG-LOCALE-UUID-168',	'SWAG-SHOP-UUID-1',	'Malaiisch',	'Malaysia'),
('SWAG-LOCALE-UUID-169',	'SWAG-SHOP-UUID-1',	'Maltesisch',	'Malta'),
('SWAG-LOCALE-UUID-17',	'SWAG-SHOP-UUID-1',	'Arabisch',	'Libanon'),
('SWAG-LOCALE-UUID-170',	'SWAG-SHOP-UUID-1',	'Birmanisch',	'Myanmar'),
('SWAG-LOCALE-UUID-171',	'SWAG-SHOP-UUID-1',	'Norwegisch Bokmål',	'Norwegen'),
('SWAG-LOCALE-UUID-172',	'SWAG-SHOP-UUID-1',	'Niederdeutsch',	'Deutschland'),
('SWAG-LOCALE-UUID-173',	'SWAG-SHOP-UUID-1',	'Nepalesisch',	'Indien'),
('SWAG-LOCALE-UUID-174',	'SWAG-SHOP-UUID-1',	'Nepalesisch',	'Nepal'),
('SWAG-LOCALE-UUID-175',	'SWAG-SHOP-UUID-1',	'Niederländisch',	'Belgien'),
('SWAG-LOCALE-UUID-176',	'SWAG-SHOP-UUID-1',	'Niederländisch',	'Niederlande'),
('SWAG-LOCALE-UUID-177',	'SWAG-SHOP-UUID-1',	'Norwegisch Nynorsk',	'Norwegen'),
('SWAG-LOCALE-UUID-178',	'SWAG-SHOP-UUID-1',	'Süd-Ndebele-Sprache',	'Südafrika'),
('SWAG-LOCALE-UUID-179',	'SWAG-SHOP-UUID-1',	'Nord-Sotho-Sprache',	'Südafrika'),
('SWAG-LOCALE-UUID-18',	'SWAG-SHOP-UUID-1',	'Arabisch',	'Libyen'),
('SWAG-LOCALE-UUID-180',	'SWAG-SHOP-UUID-1',	'Nyanja-Sprache',	'Malawi'),
('SWAG-LOCALE-UUID-181',	'SWAG-SHOP-UUID-1',	'Okzitanisch',	'Frankreich'),
('SWAG-LOCALE-UUID-182',	'SWAG-SHOP-UUID-1',	'Oromo',	'Äthiopien'),
('SWAG-LOCALE-UUID-183',	'SWAG-SHOP-UUID-1',	'Oromo',	'Kenia'),
('SWAG-LOCALE-UUID-184',	'SWAG-SHOP-UUID-1',	'Orija',	'Indien'),
('SWAG-LOCALE-UUID-185',	'SWAG-SHOP-UUID-1',	'Pandschabisch',	'Indien'),
('SWAG-LOCALE-UUID-186',	'SWAG-SHOP-UUID-1',	'Pandschabisch',	'Pakistan'),
('SWAG-LOCALE-UUID-187',	'SWAG-SHOP-UUID-1',	'Polnisch',	'Polen'),
('SWAG-LOCALE-UUID-188',	'SWAG-SHOP-UUID-1',	'Paschtu',	'Afghanistan'),
('SWAG-LOCALE-UUID-189',	'SWAG-SHOP-UUID-1',	'Portugiesisch',	'Brasilien'),
('SWAG-LOCALE-UUID-19',	'SWAG-SHOP-UUID-1',	'Arabisch',	'Marokko'),
('SWAG-LOCALE-UUID-190',	'SWAG-SHOP-UUID-1',	'Portugiesisch',	'Portugal'),
('SWAG-LOCALE-UUID-191',	'SWAG-SHOP-UUID-1',	'Rumänisch',	'Republik Moldau'),
('SWAG-LOCALE-UUID-192',	'SWAG-SHOP-UUID-1',	'Rumänisch',	'Rumänien'),
('SWAG-LOCALE-UUID-193',	'SWAG-SHOP-UUID-1',	'Russisch',	'Russische Föderation'),
('SWAG-LOCALE-UUID-194',	'SWAG-SHOP-UUID-1',	'Russisch',	'Ukraine'),
('SWAG-LOCALE-UUID-195',	'SWAG-SHOP-UUID-1',	'Ruandisch',	'Ruanda'),
('SWAG-LOCALE-UUID-196',	'SWAG-SHOP-UUID-1',	'Sanskrit',	'Indien'),
('SWAG-LOCALE-UUID-197',	'SWAG-SHOP-UUID-1',	'Nord-Samisch',	'Finnland'),
('SWAG-LOCALE-UUID-198',	'SWAG-SHOP-UUID-1',	'Nord-Samisch',	'Norwegen'),
('SWAG-LOCALE-UUID-199',	'SWAG-SHOP-UUID-1',	'Serbo-Kroatisch',	'Bosnien und Herzegowina'),
('SWAG-LOCALE-UUID-2',	'SWAG-SHOP-UUID-1',	'Englisch',	'Vereinigtes Königreich'),
('SWAG-LOCALE-UUID-20',	'SWAG-SHOP-UUID-1',	'Arabisch',	'Oman'),
('SWAG-LOCALE-UUID-200',	'SWAG-SHOP-UUID-1',	'Serbo-Kroatisch',	'Serbien und Montenegro'),
('SWAG-LOCALE-UUID-201',	'SWAG-SHOP-UUID-1',	'Serbo-Kroatisch',	''),
('SWAG-LOCALE-UUID-202',	'SWAG-SHOP-UUID-1',	'Singhalesisch',	'Sri Lanka'),
('SWAG-LOCALE-UUID-203',	'SWAG-SHOP-UUID-1',	'Sidamo',	'Äthiopien'),
('SWAG-LOCALE-UUID-204',	'SWAG-SHOP-UUID-1',	'Slowakisch',	'Slowakei'),
('SWAG-LOCALE-UUID-205',	'SWAG-SHOP-UUID-1',	'Slowenisch',	'Slowenien'),
('SWAG-LOCALE-UUID-206',	'SWAG-SHOP-UUID-1',	'Somali',	'Dschibuti'),
('SWAG-LOCALE-UUID-207',	'SWAG-SHOP-UUID-1',	'Somali',	'Äthiopien'),
('SWAG-LOCALE-UUID-208',	'SWAG-SHOP-UUID-1',	'Somali',	'Kenia'),
('SWAG-LOCALE-UUID-209',	'SWAG-SHOP-UUID-1',	'Somali',	'Somalia'),
('SWAG-LOCALE-UUID-21',	'SWAG-SHOP-UUID-1',	'Arabisch',	'Katar'),
('SWAG-LOCALE-UUID-210',	'SWAG-SHOP-UUID-1',	'Albanisch',	'Albanien'),
('SWAG-LOCALE-UUID-211',	'SWAG-SHOP-UUID-1',	'Serbisch',	'Bosnien und Herzegowina'),
('SWAG-LOCALE-UUID-212',	'SWAG-SHOP-UUID-1',	'Serbisch',	'Serbien und Montenegro'),
('SWAG-LOCALE-UUID-213',	'SWAG-SHOP-UUID-1',	'Serbisch',	'Montenegro'),
('SWAG-LOCALE-UUID-214',	'SWAG-SHOP-UUID-1',	'Serbisch',	'Serbien'),
('SWAG-LOCALE-UUID-215',	'SWAG-SHOP-UUID-1',	'Serbisch',	''),
('SWAG-LOCALE-UUID-216',	'SWAG-SHOP-UUID-1',	'Swazi',	'Swasiland'),
('SWAG-LOCALE-UUID-217',	'SWAG-SHOP-UUID-1',	'Swazi',	'Südafrika'),
('SWAG-LOCALE-UUID-218',	'SWAG-SHOP-UUID-1',	'Süd-Sotho-Sprache',	'Lesotho'),
('SWAG-LOCALE-UUID-219',	'SWAG-SHOP-UUID-1',	'Süd-Sotho-Sprache',	'Südafrika'),
('SWAG-LOCALE-UUID-22',	'SWAG-SHOP-UUID-1',	'Arabisch',	'Saudi-Arabien'),
('SWAG-LOCALE-UUID-220',	'SWAG-SHOP-UUID-1',	'Schwedisch',	'Finnland'),
('SWAG-LOCALE-UUID-221',	'SWAG-SHOP-UUID-1',	'Schwedisch',	'Schweden'),
('SWAG-LOCALE-UUID-222',	'SWAG-SHOP-UUID-1',	'Suaheli',	'Kenia'),
('SWAG-LOCALE-UUID-223',	'SWAG-SHOP-UUID-1',	'Suaheli',	'Tansania'),
('SWAG-LOCALE-UUID-224',	'SWAG-SHOP-UUID-1',	'Syrisch',	'Syrien'),
('SWAG-LOCALE-UUID-225',	'SWAG-SHOP-UUID-1',	'Tamilisch',	'Indien'),
('SWAG-LOCALE-UUID-226',	'SWAG-SHOP-UUID-1',	'Telugu',	'Indien'),
('SWAG-LOCALE-UUID-227',	'SWAG-SHOP-UUID-1',	'Tadschikisch',	'Tadschikistan'),
('SWAG-LOCALE-UUID-228',	'SWAG-SHOP-UUID-1',	'Thailändisch',	'Thailand'),
('SWAG-LOCALE-UUID-229',	'SWAG-SHOP-UUID-1',	'Tigrinja',	'Eritrea'),
('SWAG-LOCALE-UUID-23',	'SWAG-SHOP-UUID-1',	'Arabisch',	'Sudan'),
('SWAG-LOCALE-UUID-230',	'SWAG-SHOP-UUID-1',	'Tigrinja',	'Äthiopien'),
('SWAG-LOCALE-UUID-231',	'SWAG-SHOP-UUID-1',	'Tigre',	'Eritrea'),
('SWAG-LOCALE-UUID-232',	'SWAG-SHOP-UUID-1',	'Tswana-Sprache',	'Südafrika'),
('SWAG-LOCALE-UUID-233',	'SWAG-SHOP-UUID-1',	'Tongaisch',	'Tonga'),
('SWAG-LOCALE-UUID-234',	'SWAG-SHOP-UUID-1',	'Türkisch',	'Türkei'),
('SWAG-LOCALE-UUID-236',	'SWAG-SHOP-UUID-1',	'Tsonga',	'Südafrika'),
('SWAG-LOCALE-UUID-237',	'SWAG-SHOP-UUID-1',	'Tatarisch',	'Russische Föderation'),
('SWAG-LOCALE-UUID-238',	'SWAG-SHOP-UUID-1',	'Uigurisch',	'China'),
('SWAG-LOCALE-UUID-239',	'SWAG-SHOP-UUID-1',	'Ukrainisch',	'Ukraine'),
('SWAG-LOCALE-UUID-24',	'SWAG-SHOP-UUID-1',	'Arabisch',	'Syrien'),
('SWAG-LOCALE-UUID-240',	'SWAG-SHOP-UUID-1',	'Urdu',	'Indien'),
('SWAG-LOCALE-UUID-241',	'SWAG-SHOP-UUID-1',	'Urdu',	'Pakistan'),
('SWAG-LOCALE-UUID-242',	'SWAG-SHOP-UUID-1',	'Usbekisch',	'Afghanistan'),
('SWAG-LOCALE-UUID-243',	'SWAG-SHOP-UUID-1',	'Usbekisch',	'Usbekistan'),
('SWAG-LOCALE-UUID-244',	'SWAG-SHOP-UUID-1',	'Venda-Sprache',	'Südafrika'),
('SWAG-LOCALE-UUID-245',	'SWAG-SHOP-UUID-1',	'Vietnamesisch',	'Vietnam'),
('SWAG-LOCALE-UUID-246',	'SWAG-SHOP-UUID-1',	'Walamo-Sprache',	'Äthiopien'),
('SWAG-LOCALE-UUID-247',	'SWAG-SHOP-UUID-1',	'Wolof',	'Senegal'),
('SWAG-LOCALE-UUID-248',	'SWAG-SHOP-UUID-1',	'Xhosa',	'Südafrika'),
('SWAG-LOCALE-UUID-249',	'SWAG-SHOP-UUID-1',	'Yoruba',	'Nigeria'),
('SWAG-LOCALE-UUID-25',	'SWAG-SHOP-UUID-1',	'Arabisch',	'Tunesien'),
('SWAG-LOCALE-UUID-250',	'SWAG-SHOP-UUID-1',	'Chinesisch',	'China'),
('SWAG-LOCALE-UUID-251',	'SWAG-SHOP-UUID-1',	'Chinesisch',	'Sonderverwaltungszone Hongkong'),
('SWAG-LOCALE-UUID-252',	'SWAG-SHOP-UUID-1',	'Chinesisch',	'Sonderverwaltungszone Macao'),
('SWAG-LOCALE-UUID-253',	'SWAG-SHOP-UUID-1',	'Chinesisch',	'Singapur'),
('SWAG-LOCALE-UUID-254',	'SWAG-SHOP-UUID-1',	'Chinesisch',	'Taiwan'),
('SWAG-LOCALE-UUID-255',	'SWAG-SHOP-UUID-1',	'Zulu',	'Südafrika'),
('SWAG-LOCALE-UUID-26',	'SWAG-SHOP-UUID-1',	'Arabisch',	'Jemen'),
('SWAG-LOCALE-UUID-27',	'SWAG-SHOP-UUID-1',	'Assamesisch',	'Indien'),
('SWAG-LOCALE-UUID-28',	'SWAG-SHOP-UUID-1',	'Aserbaidschanisch',	'Aserbaidschan'),
('SWAG-LOCALE-UUID-29',	'SWAG-SHOP-UUID-1',	'Weißrussisch',	'Belarus'),
('SWAG-LOCALE-UUID-3',	'SWAG-SHOP-UUID-1',	'Afar',	'Dschibuti'),
('SWAG-LOCALE-UUID-30',	'SWAG-SHOP-UUID-1',	'Bulgarisch',	'Bulgarien'),
('SWAG-LOCALE-UUID-31',	'SWAG-SHOP-UUID-1',	'Bengalisch',	'Bangladesch'),
('SWAG-LOCALE-UUID-32',	'SWAG-SHOP-UUID-1',	'Bengalisch',	'Indien'),
('SWAG-LOCALE-UUID-33',	'SWAG-SHOP-UUID-1',	'Tibetisch',	'China'),
('SWAG-LOCALE-UUID-34',	'SWAG-SHOP-UUID-1',	'Tibetisch',	'Indien'),
('SWAG-LOCALE-UUID-35',	'SWAG-SHOP-UUID-1',	'Bosnisch',	'Bosnien und Herzegowina'),
('SWAG-LOCALE-UUID-36',	'SWAG-SHOP-UUID-1',	'Blin',	'Eritrea'),
('SWAG-LOCALE-UUID-37',	'SWAG-SHOP-UUID-1',	'Katalanisch',	'Spanien'),
('SWAG-LOCALE-UUID-38',	'SWAG-SHOP-UUID-1',	'Atsam',	'Nigeria'),
('SWAG-LOCALE-UUID-39',	'SWAG-SHOP-UUID-1',	'Tschechisch',	'Tschechische Republik'),
('SWAG-LOCALE-UUID-4',	'SWAG-SHOP-UUID-1',	'Afar',	'Eritrea'),
('SWAG-LOCALE-UUID-40',	'SWAG-SHOP-UUID-1',	'Walisisch',	'Vereinigtes Königreich'),
('SWAG-LOCALE-UUID-41',	'SWAG-SHOP-UUID-1',	'Dänisch',	'Dänemark'),
('SWAG-LOCALE-UUID-42',	'SWAG-SHOP-UUID-1',	'Deutsch',	'Österreich'),
('SWAG-LOCALE-UUID-43',	'SWAG-SHOP-UUID-1',	'Deutsch',	'Belgien'),
('SWAG-LOCALE-UUID-44',	'SWAG-SHOP-UUID-1',	'Deutsch',	'Schweiz'),
('SWAG-LOCALE-UUID-45',	'SWAG-SHOP-UUID-1',	'Deutsch',	'Liechtenstein'),
('SWAG-LOCALE-UUID-46',	'SWAG-SHOP-UUID-1',	'Deutsch',	'Luxemburg'),
('SWAG-LOCALE-UUID-47',	'SWAG-SHOP-UUID-1',	'Maledivisch',	'Malediven'),
('SWAG-LOCALE-UUID-48',	'SWAG-SHOP-UUID-1',	'Bhutanisch',	'Bhutan'),
('SWAG-LOCALE-UUID-49',	'SWAG-SHOP-UUID-1',	'Ewe-Sprache',	'Ghana'),
('SWAG-LOCALE-UUID-5',	'SWAG-SHOP-UUID-1',	'Afar',	'Äthiopien'),
('SWAG-LOCALE-UUID-50',	'SWAG-SHOP-UUID-1',	'Ewe-Sprache',	'Togo'),
('SWAG-LOCALE-UUID-51',	'SWAG-SHOP-UUID-1',	'Griechisch',	'Zypern'),
('SWAG-LOCALE-UUID-52',	'SWAG-SHOP-UUID-1',	'Griechisch',	'Griechenland'),
('SWAG-LOCALE-UUID-53',	'SWAG-SHOP-UUID-1',	'Englisch',	'Amerikanisch-Samoa'),
('SWAG-LOCALE-UUID-54',	'SWAG-SHOP-UUID-1',	'Englisch',	'Australien'),
('SWAG-LOCALE-UUID-55',	'SWAG-SHOP-UUID-1',	'Englisch',	'Belgien'),
('SWAG-LOCALE-UUID-56',	'SWAG-SHOP-UUID-1',	'Englisch',	'Botsuana'),
('SWAG-LOCALE-UUID-57',	'SWAG-SHOP-UUID-1',	'Englisch',	'Belize'),
('SWAG-LOCALE-UUID-58',	'SWAG-SHOP-UUID-1',	'Englisch',	'Kanada'),
('SWAG-LOCALE-UUID-59',	'SWAG-SHOP-UUID-1',	'Englisch',	'Guam'),
('SWAG-LOCALE-UUID-6',	'SWAG-SHOP-UUID-1',	'Afrikaans',	'Namibia'),
('SWAG-LOCALE-UUID-60',	'SWAG-SHOP-UUID-1',	'Englisch',	'Sonderverwaltungszone Hongkong'),
('SWAG-LOCALE-UUID-61',	'SWAG-SHOP-UUID-1',	'Englisch',	'Irland'),
('SWAG-LOCALE-UUID-62',	'SWAG-SHOP-UUID-1',	'Englisch',	'Indien'),
('SWAG-LOCALE-UUID-63',	'SWAG-SHOP-UUID-1',	'Englisch',	'Jamaika'),
('SWAG-LOCALE-UUID-64',	'SWAG-SHOP-UUID-1',	'Englisch',	'Marshallinseln'),
('SWAG-LOCALE-UUID-65',	'SWAG-SHOP-UUID-1',	'Englisch',	'Nördliche Marianen'),
('SWAG-LOCALE-UUID-66',	'SWAG-SHOP-UUID-1',	'Englisch',	'Malta'),
('SWAG-LOCALE-UUID-67',	'SWAG-SHOP-UUID-1',	'Englisch',	'Namibia'),
('SWAG-LOCALE-UUID-68',	'SWAG-SHOP-UUID-1',	'Englisch',	'Neuseeland'),
('SWAG-LOCALE-UUID-69',	'SWAG-SHOP-UUID-1',	'Englisch',	'Philippinen'),
('SWAG-LOCALE-UUID-7',	'SWAG-SHOP-UUID-1',	'Afrikaans',	'Südafrika'),
('SWAG-LOCALE-UUID-70',	'SWAG-SHOP-UUID-1',	'Englisch',	'Pakistan'),
('SWAG-LOCALE-UUID-71',	'SWAG-SHOP-UUID-1',	'Englisch',	'Singapur'),
('SWAG-LOCALE-UUID-72',	'SWAG-SHOP-UUID-1',	'Englisch',	'Trinidad und Tobago'),
('SWAG-LOCALE-UUID-73',	'SWAG-SHOP-UUID-1',	'Englisch',	'Amerikanisch-Ozeanien'),
('SWAG-LOCALE-UUID-74',	'SWAG-SHOP-UUID-1',	'Englisch',	'Vereinigte Staaten'),
('SWAG-LOCALE-UUID-75',	'SWAG-SHOP-UUID-1',	'Englisch',	'Amerikanische Jungferninseln'),
('SWAG-LOCALE-UUID-76',	'SWAG-SHOP-UUID-1',	'Englisch',	'Südafrika'),
('SWAG-LOCALE-UUID-77',	'SWAG-SHOP-UUID-1',	'Englisch',	'Simbabwe'),
('SWAG-LOCALE-UUID-78',	'SWAG-SHOP-UUID-1',	'Spanisch',	'Argentinien'),
('SWAG-LOCALE-UUID-79',	'SWAG-SHOP-UUID-1',	'Spanisch',	'Bolivien'),
('SWAG-LOCALE-UUID-8',	'SWAG-SHOP-UUID-1',	'Akan',	'Ghana'),
('SWAG-LOCALE-UUID-80',	'SWAG-SHOP-UUID-1',	'Spanisch',	'Chile'),
('SWAG-LOCALE-UUID-81',	'SWAG-SHOP-UUID-1',	'Spanisch',	'Kolumbien'),
('SWAG-LOCALE-UUID-82',	'SWAG-SHOP-UUID-1',	'Spanisch',	'Costa Rica'),
('SWAG-LOCALE-UUID-83',	'SWAG-SHOP-UUID-1',	'Spanisch',	'Dominikanische Republik'),
('SWAG-LOCALE-UUID-84',	'SWAG-SHOP-UUID-1',	'Spanisch',	'Ecuador'),
('SWAG-LOCALE-UUID-85',	'SWAG-SHOP-UUID-1',	'Spanisch',	'Spanien'),
('SWAG-LOCALE-UUID-86',	'SWAG-SHOP-UUID-1',	'Spanisch',	'Guatemala'),
('SWAG-LOCALE-UUID-87',	'SWAG-SHOP-UUID-1',	'Spanisch',	'Honduras'),
('SWAG-LOCALE-UUID-88',	'SWAG-SHOP-UUID-1',	'Spanisch',	'Mexiko'),
('SWAG-LOCALE-UUID-89',	'SWAG-SHOP-UUID-1',	'Spanisch',	'Nicaragua'),
('SWAG-LOCALE-UUID-9',	'SWAG-SHOP-UUID-1',	'Amharisch',	'Äthiopien'),
('SWAG-LOCALE-UUID-90',	'SWAG-SHOP-UUID-1',	'Spanisch',	'Panama'),
('SWAG-LOCALE-UUID-91',	'SWAG-SHOP-UUID-1',	'Spanisch',	'Peru'),
('SWAG-LOCALE-UUID-92',	'SWAG-SHOP-UUID-1',	'Spanisch',	'Puerto Rico'),
('SWAG-LOCALE-UUID-93',	'SWAG-SHOP-UUID-1',	'Spanisch',	'Paraguay'),
('SWAG-LOCALE-UUID-94',	'SWAG-SHOP-UUID-1',	'Spanisch',	'El Salvador'),
('SWAG-LOCALE-UUID-95',	'SWAG-SHOP-UUID-1',	'Spanisch',	'Vereinigte Staaten'),
('SWAG-LOCALE-UUID-96',	'SWAG-SHOP-UUID-1',	'Spanisch',	'Uruguay'),
('SWAG-LOCALE-UUID-97',	'SWAG-SHOP-UUID-1',	'Spanisch',	'Venezuela'),
('SWAG-LOCALE-UUID-98',	'SWAG-SHOP-UUID-1',	'Estnisch',	'Estland'),
('SWAG-LOCALE-UUID-99',	'SWAG-SHOP-UUID-1',	'Baskisch',	'Spanien');

INSERT INTO `shop` (`uuid`, `name`, `title`, `position`, `host`, `base_path`, `base_url`, `hosts`, `is_secure`, `customer_scope`, `is_default`, `active`, `tax_calculation_type`, `parent_uuid`, `shop_template_uuid`, `document_template_uuid`, `category_uuid`, `locale_uuid`, `currency_uuid`, `customer_group_uuid`, `fallback_translation_uuid`, `payment_method_uuid`, `shipping_method_uuid`, `country_uuid`, `created_at`, `updated_at`) VALUES
('SWAG-SHOP-UUID-1',	'Deutsch',	NULL,	0,	'shopware.next',	'',	'',	'',	0,	0,	1,	1,	'vertical',	NULL,	'SWAG-SHOP-TEMPLATE-UUID-11',	'SWAG-SHOP-TEMPLATE-UUID-11',	'SWAG-CATEGORY-UUID-3',	'SWAG-LOCALE-UUID-1',	'SWAG-CURRENCY-UUID-1',	'3294e6f6-372b-415f-ac73-71cbc191548f',	NULL,	'SWAG-PAYMENT-METHOD-UUID-3',	'SWAG-SHIPPING-METHOD-UUID-9',	'SWAG-COUNTRY-UUID-2',	'2017-12-14 15:26:04',	NULL),
('SWAG-SHOP-UUID-2',	'English',	'English',	0,	'shopware.next',	'',	'',	'',	0,	0,	0,	1,	'vertical',	'SWAG-SHOP-UUID-1',	'SWAG-SHOP-TEMPLATE-UUID-11',	'SWAG-SHOP-TEMPLATE-UUID-11',	'SWAG-CATEGORY-UUID-39',	'SWAG-LOCALE-UUID-2',	'SWAG-CURRENCY-UUID-1',	'3294e6f6-372b-415f-ac73-71cbc191548f',	'SWAG-SHOP-UUID-1',	'SWAG-PAYMENT-METHOD-UUID-3',	'SWAG-SHIPPING-METHOD-UUID-9',	'SWAG-COUNTRY-UUID-2',	'2017-12-14 15:26:04',	NULL);

INSERT INTO `shop_currency` (`shop_uuid`, `currency_uuid`, `created_at`, `updated_at`) VALUES
('SWAG-SHOP-UUID-1',	'SWAG-CURRENCY-UUID-1',	'2017-12-14 15:26:04',	NULL),
('SWAG-SHOP-UUID-1',	'SWAG-CURRENCY-UUID-2',	'2017-12-14 15:26:04',	NULL);

INSERT INTO `shop_template` (`uuid`, `template`, `name`, `description`, `author`, `license`, `esi`, `style_support`, `version`, `emotion`, `plugin_uuid`, `parent_uuid`, `created_at`, `updated_at`) VALUES
('SWAG-SHOP-TEMPLATE-UUID-11',	'Responsive',	'__theme_name__',	'__theme_description__',	'__author__',	'__license__',	1,	1,	3,	1,	NULL,	NULL,	'2017-12-14 15:26:04',	NULL);

INSERT INTO `category` (`uuid`, `parent_uuid`, `path`, `position`, `level`, `template`, `active`, `is_blog`, `external`, `hide_filter`, `hide_top`, `media_uuid`, `product_box_layout`, `product_stream_uuid`, `hide_sortings`, `sorting_uuids`, `facet_uuids`, `created_at`, `updated_at`) VALUES
('SWAG-CATEGORY-UUID-1',	NULL,	NULL,	0,	0,	NULL,	1,	0,	NULL,	0,	0,	NULL,	NULL,	NULL,	0,	NULL,	NULL,	'2012-07-30 15:24:59',	'2017-12-14 15:41:13'),
('SWAG-CATEGORY-UUID-3',	'SWAG-CATEGORY-UUID-1',	NULL,	0,	0,	NULL,	1,	0,	'',	0,	0,	NULL,	NULL,	NULL,	0,	NULL,	NULL,	'2012-07-30 15:24:59',	'2017-12-14 15:41:13'),
('SWAG-CATEGORY-UUID-5',	'SWAG-CATEGORY-UUID-3',	'|3|',	0,	0,	NULL,	1,	0,	'',	0,	0,	NULL,	NULL,	NULL,	0,	NULL,	NULL,	'2012-08-15 15:48:04',	'2017-12-14 15:41:13'),
('SWAG-CATEGORY-UUID-6',	'SWAG-CATEGORY-UUID-3',	'|3|',	3,	0,	NULL,	1,	0,	'',	0,	0,	NULL,	NULL,	NULL,	0,	NULL,	NULL,	'2012-08-15 15:48:54',	'2017-12-14 15:41:13'),
('SWAG-CATEGORY-UUID-8',	'SWAG-CATEGORY-UUID-3',	'|3|',	2,	0,	NULL,	1,	0,	'',	0,	0,	NULL,	NULL,	NULL,	0,	NULL,	NULL,	'2012-08-15 15:49:31',	'2017-12-14 15:41:13'),
('SWAG-CATEGORY-UUID-9',	'SWAG-CATEGORY-UUID-3',	'|3|',	1,	0,	NULL,	1,	0,	'',	0,	0,	NULL,	NULL,	NULL,	0,	NULL,	NULL,	'2012-08-15 15:50:39',	'2017-12-14 15:41:13');

INSERT INTO `category_translation` (`category_uuid`, `language_uuid`, `name`, `path_names`, `meta_keywords`, `meta_title`, `meta_description`, `cms_headline`, `cms_description`) VALUES
('SWAG-CATEGORY-UUID-1',	'SWAG-SHOP-UUID-1',	'Root',	NULL,	NULL,	NULL,	NULL,	NULL,	NULL),
('SWAG-CATEGORY-UUID-3',	'SWAG-SHOP-UUID-1',	'Deutsch',	NULL,	NULL,	NULL,	'',	'',	''),
('SWAG-CATEGORY-UUID-5',	'SWAG-SHOP-UUID-1',	'Genusswelten',	NULL,	NULL,	NULL,	'',	'Genusswelten',	'<p>Ivi praebalteata Occumbo congruens seco, lea qui se surculus sed abhinc praejudico in forix curo. Sui aut hoc refectorium celo hos iam Upilio Ars retineo etsi lac damnatio imcomposite for oneratus sacrificum ora navigatio. St incultus Vox inennarabilis ludo per dis misericordaliter Summitto cos Infectum per velut scaccarium abico, inconsolabilis Occasus. Ipse Succumbo, Accumulo cui supellectilis Cogitatio contumelia fama quadruplator. Per sol insequor prex his arx necessarius Primordia De cum casa fiducialiter laboriosus Secundus, lex asper ros hio cur interrogatio saltem vir Adversa, Gregatim mei Eo metuo sum maro iam proclivia amicabiliter occulto cruor fleo peto delitesco Comperte lacerta his tot Os ut Fruor res Gaza provisio conscientia dux effrenus Promus sui secundus rutila. Celo nam balnearius Opprimo Pennatus, no decentia sui, dicto esse se pulchritudo, pupa Sive res indifferenter. Captivo pala pro de tandem Singulus labor, determino cui Ingurgito quo Ico pax ethologus praet.</p>'),
('SWAG-CATEGORY-UUID-6',	'SWAG-SHOP-UUID-1',	'Sommerwelten',	NULL,	NULL,	NULL,	'',	'Sommerwelten',	'<p>O. Ruo in divortium ita sesquimellesimus Oppono plus celo sceptrum, res ingustatus hi Ango prae tum quatenus/quatinus Sumptus per Avoco nos Indulgens mei heu cur Baiulus attonitus. Via subterfugio radio hac castra, tui Seorsum tam Byssus ex infirmitas. Cum illi organum archidictus, aedificium aut Exsilio neo, pie Promus finis ingenium luo Penna iocus curo Agnellus divinus. Ut ops gero ops Adsumo .</p>'),
('SWAG-CATEGORY-UUID-8',	'SWAG-SHOP-UUID-1',	'Wohnwelten',	NULL,	NULL,	NULL,	'',	'Wohnwelten',	'<p>O. Ruo in divortium ita sesquimellesimus Oppono plus celo sceptrum, res ingustatus hi Ango prae tum quatenus/quatinus Sumptus per Avoco nos Indulgens mei heu cur Baiulus attonitus. Via subterfugio radio hac castra, tui Seorsum tam Byssus ex infirmitas. Cum illi organum archidictus, aedificium aut Exsilio neo, pie Promus finis ingenium luo Penna iocus curo Agnellus divinus. Ut ops gero ops Adsumo .</p>'),
('SWAG-CATEGORY-UUID-9',	'SWAG-SHOP-UUID-1',	'Freizeitwelten',	NULL,	NULL,	NULL,	'',	'Freizeitwelten',	'<p>Nfrunitus, inconcussus Rogo eo non Namucense, commissum, laureatus Scutum, de boo si anhelo Commoneo procellosus sono emitto Crimen agna. Si subo Accubo castimonia hic ibi qua lux sto eu Pulcher Sem. Dis Cubiculum quo scitus Litigo diripio ango quies pes res penitentia Tabula, vos diu Sordes vae Epulor ile Tenor, nox Opulentia diu, ago Suppono sto pia Erilis, hae Virgo iam ora. Nam constat Lues h.</p>');

INSERT INTO `payment_method` (`uuid`, `technical_name`, `template`, `class`, `table`, `hide`, `percentage_surcharge`, `absolute_surcharge`, `surcharge_string`, `position`, `active`, `allow_esd`, `used_iframe`, `hide_prospect`, `action`, `plugin_uuid`, `source`, `mobile_inactive`, `risk_rules`, `created_at`, `updated_at`) VALUES
('SWAG-PAYMENT-METHOD-UUID-2',	'debit',	'debit.tpl',	'debit.php',	'',	0,	-10,	NULL,	'',	4,	0,	0,	'',	0,	'',	NULL,	NULL,	0,	NULL,	'2017-12-14 15:45:46',	NULL),
('SWAG-PAYMENT-METHOD-UUID-3',	'cash',	'cash.tpl',	'cash.php',	'',	0,	NULL,	NULL,	'',	2,	1,	0,	'',	0,	NULL,	NULL,	NULL,	0,	NULL,	'2017-12-14 15:45:46',	NULL),
('SWAG-PAYMENT-METHOD-UUID-4',	'invoice',	'invoice.tpl',	'invoice.php',	'',	0,	NULL,	5,	'',	3,	1,	1,	'',	0,	'',	NULL,	NULL,	0,	NULL,	'2017-12-14 15:45:46',	NULL),
('SWAG-PAYMENT-METHOD-UUID-5',	'prepayment',	'prepayment.tpl',	'prepayment.php',	'',	0,	NULL,	NULL,	'',	1,	1,	0,	'',	0,	NULL,	NULL,	NULL,	0,	NULL,	'2017-12-14 15:45:46',	NULL),
('SWAG-PAYMENT-METHOD-UUID-6',	'sepa',	'sepa.tpl',	'sepa',	'',	0,	NULL,	NULL,	'',	5,	1,	1,	'',	0,	'',	NULL,	NULL,	0,	NULL,	'2017-12-14 15:45:46',	NULL);

INSERT INTO `payment_method_translation` (`payment_method_uuid`, `language_uuid`, `name`, `additional_description`) VALUES
('SWAG-PAYMENT-METHOD-UUID-2',	'SWAG-SHOP-UUID-1',	'Lastschrift',	'Zusatztext'),
('SWAG-PAYMENT-METHOD-UUID-2',	'SWAG-SHOP-UUID-2',	'Debit',	'Additional text'),
('SWAG-PAYMENT-METHOD-UUID-3',	'SWAG-SHOP-UUID-1',	'Nachnahme',	'(zzgl. 2,00 Euro Nachnahmegebühren)'),
('SWAG-PAYMENT-METHOD-UUID-3',	'SWAG-SHOP-UUID-2',	'Cash on delivery',	'(including 2.00 Euro VAT)'),
('SWAG-PAYMENT-METHOD-UUID-4',	'SWAG-SHOP-UUID-1',	'Rechnung',	'Sie zahlen einfach und bequem auf Rechnung. Shopware bietet z.B. auch die Möglichkeit, Rechnung automatisiert erst ab der 2. Bestellung für Kunden zur Verfügung zu stellen, um Zahlungsausfälle zu vermeiden.'),
('SWAG-PAYMENT-METHOD-UUID-4',	'SWAG-SHOP-UUID-2',	'Invoice',	'Payment by invoice. Shopware provides automatic invoicing for all customers on orders after the first, in order to avoid defaults on payment.'),
('SWAG-PAYMENT-METHOD-UUID-5',	'SWAG-SHOP-UUID-1',	'Vorkasse',	'Sie zahlen einfach vorab und erhalten die Ware bequem und günstig bei Zahlungseingang nach Hause geliefert.'),
('SWAG-PAYMENT-METHOD-UUID-5',	'SWAG-SHOP-UUID-2',	'Paid in advance',	'The goods are delivered directly upon receipt of payment.'),
('SWAG-PAYMENT-METHOD-UUID-6',	'SWAG-SHOP-UUID-1',	'SEPA',	'SEPA Lastschrift'),
('SWAG-PAYMENT-METHOD-UUID-6',	'SWAG-SHOP-UUID-2',	'',	'SEPA direct debit');

INSERT INTO `shipping_method` (`uuid`, `type`, `active`, `position`, `calculation`, `surcharge_calculation`, `tax_calculation`, `shipping_free`, `customer_group_uuid`, `bind_shippingfree`, `bind_time_from`, `bind_time_to`, `bind_instock`, `bind_laststock`, `bind_weekday_from`, `bind_weekday_to`, `bind_weight_from`, `bind_weight_to`, `bind_price_from`, `bind_price_to`, `bind_sql`, `status_link`, `calculation_sql`, `created_at`, `updated_at`) VALUES
('SWAG-SHIPPING-METHOD-UUID-10',	1,	1,	0,	1,	3,	0,	10000.00,	NULL,	0,	NULL,	NULL,	NULL,	0,	NULL,	NULL,	NULL,	NULL,	NULL,	NULL,	NULL,	'<a href=\"http://nolp.dhl.de/nextt-online-public/set_identcodes.do?lang=de&zip=&idc={$offerPosition.trackingcode}\" onclick=\"return !window.open(this.href, \'popup\', \'width=500,height=600,left=20,top=20\');\" target=\"_blank\">hier</a>',	NULL,	'2017-12-14 15:45:50',	NULL),
('SWAG-SHIPPING-METHOD-UUID-12',	3,	1,	0,	1,	0,	0,	NULL,	NULL,	0,	NULL,	NULL,	NULL,	0,	NULL,	NULL,	NULL,	NULL,	NULL,	NULL,	NULL,	'',	NULL,	'2017-12-14 15:45:50',	NULL),
('SWAG-SHIPPING-METHOD-UUID-14',	0,	1,	2,	1,	3,	0,	NULL,	NULL,	0,	NULL,	NULL,	NULL,	0,	NULL,	NULL,	NULL,	NULL,	NULL,	NULL,	NULL,	'',	NULL,	'2017-12-14 15:45:50',	NULL),
('SWAG-SHIPPING-METHOD-UUID-16',	0,	1,	1,	1,	3,	0,	NULL,	NULL,	0,	NULL,	NULL,	NULL,	0,	NULL,	NULL,	NULL,	NULL,	NULL,	NULL,	NULL,	'',	NULL,	'2017-12-14 15:45:50',	NULL),
('SWAG-SHIPPING-METHOD-UUID-9',	0,	1,	1,	1,	3,	0,	NULL,	NULL,	0,	NULL,	NULL,	NULL,	0,	NULL,	NULL,	NULL,	1.000,	NULL,	NULL,	NULL,	'',	NULL,	'2017-12-14 15:45:50',	NULL);

INSERT INTO `shipping_method_translation` (`shipping_method_uuid`, `language_uuid`, `name`, `description`, `comment`) VALUES
('SWAG-SHIPPING-METHOD-UUID-10',	'SWAG-SHOP-UUID-1',	'Versandkosten nach Gewicht',	'wenn bspw. ein Artikel das Gewicht von einem Kilo überschreitet wird automatisch auf die Ausweichversandart \"Versandkosten nach Gewicht\" zurückgegriffen.',	'immer 7,90 €'),
('SWAG-SHIPPING-METHOD-UUID-12',	'SWAG-SHOP-UUID-1',	'Abschlag (wird als Rabatt ausgewiesen)',	'',	''),
('SWAG-SHIPPING-METHOD-UUID-14',	'SWAG-SHOP-UUID-1',	'Express Versand',	'Zustellung innerhalb von 2 Werktagen',	'Zustellung innerhalb von 2 Werktagen'),
('SWAG-SHIPPING-METHOD-UUID-16',	'SWAG-SHOP-UUID-1',	'Standard Versand ins Ausland',	'Die Versandart tritt in Kraft wenn das Lieferland nicht Deutschland ist. ',	'Die Versandart tritt in Kraft wenn das Lieferland nicht Deutschland ist. '),
('SWAG-SHIPPING-METHOD-UUID-9',	'SWAG-SHOP-UUID-1',	'Standard Versand',	'',	'');

INSERT INTO `tax` (`uuid`, `tax_rate`, `name`, `created_at`, `updated_at`)
VALUES ('SWAG-TAX-UUID-1', '19', '19%', '2017-12-14 15:51:51', NULL);

SET FOREIGN_KEY_CHECKS=1;