SET NAMES utf8mb4;
SET FOREIGN_KEY_CHECKS=0;

INSERT INTO `catalog` (`id`, `name`)
VALUES
  (unhex('ffffffffffffffffffffffffffffffff'), 'Default catalog')
;

INSERT INTO `language` (`id`, `name`, `parent_id`, `locale_id`, `locale_version_id`) VALUES
(unhex('ffffffffffffffffffffffffffffffff'), 'Default language', NULL, unhex('2f3663edb7614308a60188c21c7963d5'), unhex('ffffffffffffffffffffffffffffffff'));

INSERT INTO `country` (`id`, `version_id`, `iso`, `country_area_id`, `position`, `shipping_free`, `tax_free`, `taxfree_for_vat_id`, `taxfree_vatid_checked`, `active`, `iso3`, `display_state_in_registration`, `force_state_in_registration`, `created_at`, `updated_at`) VALUES
  (unhex('ffe61e1c99154f9597014a310ab5482d'), unhex('ffffffffffffffffffffffffffffffff'),	'GR',	unhex('dde2e7c598144e73ba03b093107ce5cf'),	10,	0,	0,	0,	0,	0,	'GRC',	0,	0,	'2017-12-14 15:25:56',	NULL),
  (unhex('6c72828ec5e240588a35114cf1d4d5ef'), unhex('ffffffffffffffffffffffffffffffff'),	'GB',	unhex('dde2e7c598144e73ba03b093107ce5cf'),	10,	0,	0,	0,	0,	0,	'GBR',	0,	0,	'2017-12-14 15:25:56',	NULL),
  (unhex('584c3ff22f5644789705383bde891fc9'), unhex('ffffffffffffffffffffffffffffffff'),	'IE',	unhex('dde2e7c598144e73ba03b093107ce5cf'),	10,	0,	0,	0,	0,	0,	'IRL',	0,	0,	'2017-12-14 15:25:56',	NULL),
  (unhex('b72b9b7cd26b4a40a36f2e76a1bf42c1'), unhex('ffffffffffffffffffffffffffffffff'),	'IS',	unhex('dde2e7c598144e73ba03b093107ce5cf'),	10,	0,	0,	0,	0,	0,	'ISL',	0,	0,	'2017-12-14 15:25:56',	NULL),
  (unhex('92ca022e9d28492e9ea173f279fa6755'), unhex('ffffffffffffffffffffffffffffffff'),	'IT',	unhex('dde2e7c598144e73ba03b093107ce5cf'),	10,	0,	0,	0,	0,	1,	'ITA',	0,	0,	'2017-12-14 15:25:56',	NULL),
  (unhex('e130d974fd6c438485972fe00b5cd609'), unhex('ffffffffffffffffffffffffffffffff'),	'JP',	unhex('e0353dc44ccb465a9c980aa6758abcf6'),	10,	0,	0,	0,	0,	0,	'JPN',	0,	0,	'2017-12-14 15:25:56',	NULL),
  (unhex('a453634acb414768b2542ae9a57639b5'), unhex('ffffffffffffffffffffffffffffffff'),	'CA',	unhex('e0353dc44ccb465a9c980aa6758abcf6'),	10,	0,	0,	0,	0,	0,	'CAN',	0,	0,	'2017-12-14 15:25:56',	NULL),
  (unhex('e5cbe4b2105843c3bdef2e9c03eccaae'), unhex('ffffffffffffffffffffffffffffffff'),	'LU',	unhex('dde2e7c598144e73ba03b093107ce5cf'),	10,	0,	0,	0,	0,	0,	'LUX',	0,	0,	'2017-12-14 15:25:56',	NULL),
  (unhex('bd5e2dcf547e4df6bb1ff58a554bc69e'), unhex('ffffffffffffffffffffffffffffffff'),	'DE',	unhex('5cff02b1029741a4891c430bcd9e3603'),	1,	0,	0,	0,	0,	1,	'DEU',	0,	0,	'2017-12-14 15:25:56',	NULL),
  (unhex('9deee5660fd1474fbecdf6fc1809add3'), unhex('ffffffffffffffffffffffffffffffff'),	'NA',	unhex('e0353dc44ccb465a9c980aa6758abcf6'),	10,	0,	0,	0,	0,	0,	'NAM',	0,	0,	'2017-12-14 15:25:56',	NULL),
  (unhex('04ed51ccbb2341bc9b352d78e64213fb'), unhex('ffffffffffffffffffffffffffffffff'),	'NL',	unhex('dde2e7c598144e73ba03b093107ce5cf'),	10,	0,	0,	0,	0,	1,	'NLD',	0,	0,	'2017-12-14 15:25:56',	NULL),
  (unhex('e216449bd67646cc9176a1d57a2f8094'), unhex('ffffffffffffffffffffffffffffffff'),	'NO',	unhex('dde2e7c598144e73ba03b093107ce5cf'),	10,	0,	0,	0,	0,	0,	'NOR',	0,	0,	'2017-12-14 15:25:56',	NULL),
  (unhex('c650574d63d34834b836d8e7f0339ca8'), unhex('ffffffffffffffffffffffffffffffff'),	'AT',	unhex('dde2e7c598144e73ba03b093107ce5cf'),	1,	0,	0,	0,	0,	1,	'AUT',	0,	0,	'2017-12-14 15:25:56',	NULL),
  (unhex('a40ed5b07bca4b06995a0a56b1170155'), unhex('ffffffffffffffffffffffffffffffff'),	'PT',	unhex('dde2e7c598144e73ba03b093107ce5cf'),	10,	0,	0,	0,	0,	0,	'PRT',	0,	0,	'2017-12-14 15:25:56',	NULL),
  (unhex('f7b0810e24234ae397c769b260a02474'), unhex('ffffffffffffffffffffffffffffffff'),	'SE',	unhex('dde2e7c598144e73ba03b093107ce5cf'),	10,	0,	0,	0,	0,	0,	'SWE',	0,	0,	'2017-12-14 15:25:56',	NULL),
  (unhex('4f52e121f6724b968c00d05829f9a38d'), unhex('ffffffffffffffffffffffffffffffff'),	'CH',	unhex('dde2e7c598144e73ba03b093107ce5cf'),	10,	0,	1,	0,	0,	1,	'CHE',	0,	0,	'2017-12-14 15:25:56',	NULL),
  (unhex('2aba3f2990e044c78bf53b87fb6c3af3'), unhex('ffffffffffffffffffffffffffffffff'),	'ES',	unhex('dde2e7c598144e73ba03b093107ce5cf'),	10,	0,	0,	0,	0,	1,	'ESP',	0,	0,	'2017-12-14 15:25:56',	NULL),
  (unhex('bdcb207c87ab4648b5acde9138f48894'), unhex('ffffffffffffffffffffffffffffffff'),	'US',	unhex('e0353dc44ccb465a9c980aa6758abcf6'),	10,	0,	0,	0,	0,	0,	'USA',	0,	0,	'2017-12-14 15:25:56',	NULL),
  (unhex('e163778197a24b61bd2ae72d006a6d3c'), unhex('ffffffffffffffffffffffffffffffff'),	'LI',	unhex('dde2e7c598144e73ba03b093107ce5cf'),	10,	0,	0,	0,	0,	0,	'LIE',	0,	0,	'2017-12-14 15:25:56',	NULL),
  (unhex('448744a58b9f44e58c40804fef6520f8'), unhex('ffffffffffffffffffffffffffffffff'),	'AE',	unhex('e0353dc44ccb465a9c980aa6758abcf6'),	10,	0,	0,	0,	0,	1,	'ARE',	0,	0,	'2017-12-14 15:25:56',	NULL),
  (unhex('259f7c2be0b44eb6a273a70ea6dd8029'), unhex('ffffffffffffffffffffffffffffffff'),	'PL',	unhex('dde2e7c598144e73ba03b093107ce5cf'),	10,	0,	0,	0,	0,	0,	'POL',	0,	0,	'2017-12-14 15:25:56',	NULL),
  (unhex('d99834aefa4941b490dae37d0027f6bc'), unhex('ffffffffffffffffffffffffffffffff'),	'HU',	unhex('dde2e7c598144e73ba03b093107ce5cf'),	10,	0,	0,	0,	0,	0,	'HUN',	0,	0,	'2017-12-14 15:25:56',	NULL),
  (unhex('11cf2cdd303c41d7bf66808bfe7769a5'), unhex('ffffffffffffffffffffffffffffffff'),	'TR',	unhex('e0353dc44ccb465a9c980aa6758abcf6'),	10,	0,	0,	0,	0,	0,	'TUR',	0,	0,	'2017-12-14 15:25:56',	NULL),
  (unhex('b240408078894b0491634af5963f0c04'), unhex('ffffffffffffffffffffffffffffffff'),	'CZ',	unhex('dde2e7c598144e73ba03b093107ce5cf'),	10,	0,	0,	0,	0,	0,	'CZE',	0,	0,	'2017-12-14 15:25:56',	NULL),
  (unhex('8021ae3dd9ec4675920c16152473e5cc'), unhex('ffffffffffffffffffffffffffffffff'),	'SK',	unhex('dde2e7c598144e73ba03b093107ce5cf'),	10,	0,	0,	0,	0,	0,	'SVK',	0,	0,	'2017-12-14 15:25:56',	NULL),
  (unhex('1d56b07f6a5e4ee0a4e23abc06ba9b1e'), unhex('ffffffffffffffffffffffffffffffff'),	'RO',	unhex('dde2e7c598144e73ba03b093107ce5cf'),	10,	0,	0,	0,	0,	0,	'ROU',	0,	0,	'2017-12-14 15:25:56',	NULL),
  (unhex('68fea9f12c9c46748382b1f48a32014f'), unhex('ffffffffffffffffffffffffffffffff'),	'BR',	unhex('e0353dc44ccb465a9c980aa6758abcf6'),	10,	0,	0,	0,	0,	0,	'BRA',	0,	0,	'2017-12-14 15:25:56',	NULL),
  (unhex('1c91bf01a6a547a78497abf7b8e4e5db'), unhex('ffffffffffffffffffffffffffffffff'),	'IL',	unhex('e0353dc44ccb465a9c980aa6758abcf6'),	10,	0,	0,	0,	0,	0,	'ISR',	0,	0,	'2017-12-14 15:25:56',	NULL),
  (unhex('5a4aa22452e04acca23185d4d21bb3bf'), unhex('ffffffffffffffffffffffffffffffff'),	'AU',	unhex('e0353dc44ccb465a9c980aa6758abcf6'),	10,	0,	0,	0,	0,	1,	'AUS',	0,	0,	'2017-12-14 15:25:56',	NULL),
  (unhex('2e54611a053b4b19afccca547f50bf56'), unhex('ffffffffffffffffffffffffffffffff'),	'BE',	unhex('dde2e7c598144e73ba03b093107ce5cf'),	10,	0,	0,	0,	0,	1,	'BEL',	0,	0,	'2017-12-14 15:25:56',	NULL),
  (unhex('1d7911d918714c3ea9f0d7339afd3d43'), unhex('ffffffffffffffffffffffffffffffff'),	'DK',	unhex('dde2e7c598144e73ba03b093107ce5cf'),	10,	0,	0,	0,	0,	1,	'DNK',	0,	0,	'2017-12-14 15:25:56',	NULL),
  (unhex('9d8661d69c10416c858dbf408ec2500a'), unhex('ffffffffffffffffffffffffffffffff'),	'FI',	unhex('dde2e7c598144e73ba03b093107ce5cf'),	10,	0,	0,	0,	0,	1,	'FIN',	0,	0,	'2017-12-14 15:25:56',	NULL),
  (unhex('e85c25e1cdfc4cd4af49d54c34aa3d25'), unhex('ffffffffffffffffffffffffffffffff'),	'FR',	unhex('dde2e7c598144e73ba03b093107ce5cf'),	10,	0,	0,	0,	0,	0,	'FRA',	0,	0,	'2017-12-14 15:25:56',	NULL);

INSERT INTO `country_area` (`id`, `version_id`, `active`, `created_at`, `updated_at`) VALUES
  (unhex('5cff02b1029741a4891c430bcd9e3603'),	unhex('ffffffffffffffffffffffffffffffff'), 1,	'2017-12-14 15:25:56',	NULL),
  (unhex('e0353dc44ccb465a9c980aa6758abcf6'),	unhex('ffffffffffffffffffffffffffffffff'), 1,	'2017-12-14 15:25:56',	NULL),
  (unhex('dde2e7c598144e73ba03b093107ce5cf'),	unhex('ffffffffffffffffffffffffffffffff'), 1,	'2017-12-14 15:25:56',	NULL);

INSERT INTO `country_area_translation` (`country_area_id`, `version_id`, `language_id`, `name`) VALUES
  (unhex('5cff02b1029741a4891c430bcd9e3603'),	unhex('ffffffffffffffffffffffffffffffff'), unhex('ffffffffffffffffffffffffffffffff'), 'deutschland'),
  (unhex('e0353dc44ccb465a9c980aa6758abcf6'),	unhex('ffffffffffffffffffffffffffffffff'), unhex('ffffffffffffffffffffffffffffffff'), 'welt'),
  (unhex('dde2e7c598144e73ba03b093107ce5cf'),	unhex('ffffffffffffffffffffffffffffffff'), unhex('ffffffffffffffffffffffffffffffff'), 'europa');

INSERT INTO `country_state` (`id`, `country_id`, `country_version_id`, `version_id`, `short_code`, `position`, `active`, `created_at`, `updated_at`) VALUES
  (unhex('7adc050dffa94b89ae4c834ecc456ee6'),	unhex('bd5e2dcf547e4df6bb1ff58a554bc69e'),unhex('ffffffffffffffffffffffffffffffff'), unhex('ffffffffffffffffffffffffffffffff'),	'HH',	0,	1,	'2017-12-14 15:25:56',	NULL),
  (unhex('14226386aa114ffea37bb639651bee5c'),	unhex('bd5e2dcf547e4df6bb1ff58a554bc69e'),unhex('ffffffffffffffffffffffffffffffff'), unhex('ffffffffffffffffffffffffffffffff'),	'HE',	0,	1,	'2017-12-14 15:25:56',	NULL),
  (unhex('05d7d9eb32dd4067a9b45c1630f637df'),	unhex('bd5e2dcf547e4df6bb1ff58a554bc69e'),unhex('ffffffffffffffffffffffffffffffff'), unhex('ffffffffffffffffffffffffffffffff'),	'MV',	0,	1,	'2017-12-14 15:25:56',	NULL),
  (unhex('552634a945dc42ca99d4da322015efff'),	unhex('bd5e2dcf547e4df6bb1ff58a554bc69e'),unhex('ffffffffffffffffffffffffffffffff'), unhex('ffffffffffffffffffffffffffffffff'),	'RP',	0,	1,	'2017-12-14 15:25:56',	NULL),
  (unhex('8db06cf9d2864542bc20721a4fd33d29'),	unhex('bd5e2dcf547e4df6bb1ff58a554bc69e'),unhex('ffffffffffffffffffffffffffffffff'), unhex('ffffffffffffffffffffffffffffffff'),	'SL',	0,	1,	'2017-12-14 15:25:56',	NULL),
  (unhex('feca62f3423d414b894a2942754cbdba'),	unhex('bd5e2dcf547e4df6bb1ff58a554bc69e'),unhex('ffffffffffffffffffffffffffffffff'), unhex('ffffffffffffffffffffffffffffffff'),	'SN',	0,	1,	'2017-12-14 15:25:56',	NULL),
  (unhex('002978df504b42a889b6772f1fa38352'),	unhex('bd5e2dcf547e4df6bb1ff58a554bc69e'),unhex('ffffffffffffffffffffffffffffffff'), unhex('ffffffffffffffffffffffffffffffff'),	'ST',	0,	1,	'2017-12-14 15:25:56',	NULL),
  (unhex('772d9c7ff07446d7aa050acb6d883675'),	unhex('bd5e2dcf547e4df6bb1ff58a554bc69e'),unhex('ffffffffffffffffffffffffffffffff'), unhex('ffffffffffffffffffffffffffffffff'),	'SH',	0,	1,	'2017-12-14 15:25:56',	NULL),
  (unhex('a871a61bddf247e1b80152f411769427'),	unhex('bd5e2dcf547e4df6bb1ff58a554bc69e'),unhex('ffffffffffffffffffffffffffffffff'), unhex('ffffffffffffffffffffffffffffffff'),	'TH',	0,	1,	'2017-12-14 15:25:56',	NULL),
  (unhex('371caef5a4df401bbed6cc47730a0a25'),	unhex('bd5e2dcf547e4df6bb1ff58a554bc69e'),unhex('ffffffffffffffffffffffffffffffff'), unhex('ffffffffffffffffffffffffffffffff'),	'NI',	0,	1,	'2017-12-14 15:25:56',	NULL),
  (unhex('d7b6246e97ba4fe7b8b0f806726e7692'),	unhex('bdcb207c87ab4648b5acde9138f48894'),unhex('ffffffffffffffffffffffffffffffff'), unhex('ffffffffffffffffffffffffffffffff'),	'AL',	0,	1,	'2017-12-14 15:25:56',	NULL),
  (unhex('4c167be7eb3046f0b10c6f5f1c45d3bb'),	unhex('bdcb207c87ab4648b5acde9138f48894'),unhex('ffffffffffffffffffffffffffffffff'), unhex('ffffffffffffffffffffffffffffffff'),	'AK',	0,	1,	'2017-12-14 15:25:56',	NULL),
  (unhex('1fd9081b629f41b7bfc2364f99b7e57f'),	unhex('bdcb207c87ab4648b5acde9138f48894'),unhex('ffffffffffffffffffffffffffffffff'), unhex('ffffffffffffffffffffffffffffffff'),	'AZ',	0,	1,	'2017-12-14 15:25:56',	NULL),
  (unhex('9fe1b4959d1b437e8315321babc393d0'),	unhex('bdcb207c87ab4648b5acde9138f48894'),unhex('ffffffffffffffffffffffffffffffff'), unhex('ffffffffffffffffffffffffffffffff'),	'AR',	0,	1,	'2017-12-14 15:25:56',	NULL),
  (unhex('a95a10cd03da4700986a7b027c3a0e31'),	unhex('bdcb207c87ab4648b5acde9138f48894'),unhex('ffffffffffffffffffffffffffffffff'), unhex('ffffffffffffffffffffffffffffffff'),	'CA',	0,	1,	'2017-12-14 15:25:56',	NULL),
  (unhex('78ba54ad32994d83a5171312465ad1db'),	unhex('bdcb207c87ab4648b5acde9138f48894'),unhex('ffffffffffffffffffffffffffffffff'), unhex('ffffffffffffffffffffffffffffffff'),	'CO',	0,	1,	'2017-12-14 15:25:56',	NULL),
  (unhex('2c0ad3e249164a4faa4c242e104a4b02'),	unhex('bdcb207c87ab4648b5acde9138f48894'),unhex('ffffffffffffffffffffffffffffffff'), unhex('ffffffffffffffffffffffffffffffff'),	'CT',	0,	1,	'2017-12-14 15:25:56',	NULL),
  (unhex('6de89c3960804cef8f8d983c5348d289'),	unhex('bdcb207c87ab4648b5acde9138f48894'),unhex('ffffffffffffffffffffffffffffffff'), unhex('ffffffffffffffffffffffffffffffff'),	'DE',	0,	1,	'2017-12-14 15:25:56',	NULL),
  (unhex('7f7b26bc822b4299b1ad36663172dc14'),	unhex('bdcb207c87ab4648b5acde9138f48894'),unhex('ffffffffffffffffffffffffffffffff'), unhex('ffffffffffffffffffffffffffffffff'),	'FL',	0,	1,	'2017-12-14 15:25:56',	NULL),
  (unhex('0115cb9a4e5f43ab9e713dfd5fd2ef00'),	unhex('bdcb207c87ab4648b5acde9138f48894'),unhex('ffffffffffffffffffffffffffffffff'), unhex('ffffffffffffffffffffffffffffffff'),	'GA',	0,	1,	'2017-12-14 15:25:56',	NULL),
  (unhex('9f834bad88204d9896f31993624ac74c'),	unhex('bd5e2dcf547e4df6bb1ff58a554bc69e'),unhex('ffffffffffffffffffffffffffffffff'), unhex('ffffffffffffffffffffffffffffffff'),	'NW',	0,	1,	'2017-12-14 15:25:56',	NULL),
  (unhex('134aac207e3d421083689a39bd3877cc'),	unhex('bdcb207c87ab4648b5acde9138f48894'),unhex('ffffffffffffffffffffffffffffffff'), unhex('ffffffffffffffffffffffffffffffff'),	'HI',	0,	1,	'2017-12-14 15:25:56',	NULL),
  (unhex('e7519503db3648f9a48cefe5e17be567'),	unhex('bdcb207c87ab4648b5acde9138f48894'),unhex('ffffffffffffffffffffffffffffffff'), unhex('ffffffffffffffffffffffffffffffff'),	'ID',	0,	1,	'2017-12-14 15:25:56',	NULL),
  (unhex('9d20b9e37d4e4adfbd66ac85658c828d'),	unhex('bdcb207c87ab4648b5acde9138f48894'),unhex('ffffffffffffffffffffffffffffffff'), unhex('ffffffffffffffffffffffffffffffff'),	'IL',	0,	1,	'2017-12-14 15:25:56',	NULL),
  (unhex('29a45b771956491a99f1184d027dc7f1'),	unhex('bdcb207c87ab4648b5acde9138f48894'),unhex('ffffffffffffffffffffffffffffffff'), unhex('ffffffffffffffffffffffffffffffff'),	'IN',	0,	1,	'2017-12-14 15:25:56',	NULL),
  (unhex('16dc652542a94e69b192353d24bdc2de'),	unhex('bdcb207c87ab4648b5acde9138f48894'),unhex('ffffffffffffffffffffffffffffffff'), unhex('ffffffffffffffffffffffffffffffff'),	'IA',	0,	1,	'2017-12-14 15:25:56',	NULL),
  (unhex('022117c5d92a45acacdba7c0c9110293'),	unhex('bdcb207c87ab4648b5acde9138f48894'),unhex('ffffffffffffffffffffffffffffffff'), unhex('ffffffffffffffffffffffffffffffff'),	'KS',	0,	1,	'2017-12-14 15:25:56',	NULL),
  (unhex('a2874ca93fb34d0588e88f18e93a1f3d'),	unhex('bdcb207c87ab4648b5acde9138f48894'),unhex('ffffffffffffffffffffffffffffffff'), unhex('ffffffffffffffffffffffffffffffff'),	'KY',	0,	1,	'2017-12-14 15:25:56',	NULL),
  (unhex('cc3cd9f9330d466c87e4e2b3fb69ada1'),	unhex('bdcb207c87ab4648b5acde9138f48894'),unhex('ffffffffffffffffffffffffffffffff'), unhex('ffffffffffffffffffffffffffffffff'),	'LA',	0,	1,	'2017-12-14 15:25:56',	NULL),
  (unhex('eea743e3f5c9406eabfab562305a61c7'),	unhex('bdcb207c87ab4648b5acde9138f48894'),unhex('ffffffffffffffffffffffffffffffff'), unhex('ffffffffffffffffffffffffffffffff'),	'ME',	0,	1,	'2017-12-14 15:25:56',	NULL),
  (unhex('a0b885eb852a4cf982e9c1e0dde17159'),	unhex('bdcb207c87ab4648b5acde9138f48894'),unhex('ffffffffffffffffffffffffffffffff'), unhex('ffffffffffffffffffffffffffffffff'),	'MD',	0,	1,	'2017-12-14 15:25:56',	NULL),
  (unhex('dd18e22cde914bd9910a63cf6ec86630'),	unhex('bdcb207c87ab4648b5acde9138f48894'),unhex('ffffffffffffffffffffffffffffffff'), unhex('ffffffffffffffffffffffffffffffff'),	'MA',	0,	1,	'2017-12-14 15:25:56',	NULL),
  (unhex('03807fd52c9e40e192f8b11f2f14a538'),	unhex('bdcb207c87ab4648b5acde9138f48894'),unhex('ffffffffffffffffffffffffffffffff'), unhex('ffffffffffffffffffffffffffffffff'),	'MI',	0,	1,	'2017-12-14 15:25:56',	NULL),
  (unhex('aeb332f67f7d4210971d1c6c1a010d16'),	unhex('bdcb207c87ab4648b5acde9138f48894'),unhex('ffffffffffffffffffffffffffffffff'), unhex('ffffffffffffffffffffffffffffffff'),	'MN',	0,	1,	'2017-12-14 15:25:56',	NULL),
  (unhex('d7279d6ab300431c8004aa8c4617142a'),	unhex('bdcb207c87ab4648b5acde9138f48894'),unhex('ffffffffffffffffffffffffffffffff'), unhex('ffffffffffffffffffffffffffffffff'),	'MS',	0,	1,	'2017-12-14 15:25:56',	NULL),
  (unhex('2b43a2233005467b925f4ee69d9e1346'),	unhex('bdcb207c87ab4648b5acde9138f48894'),unhex('ffffffffffffffffffffffffffffffff'), unhex('ffffffffffffffffffffffffffffffff'),	'MO',	0,	1,	'2017-12-14 15:25:56',	NULL),
  (unhex('3c91bc17fa534870b2d3d24d1b2d42bd'),	unhex('bdcb207c87ab4648b5acde9138f48894'),unhex('ffffffffffffffffffffffffffffffff'), unhex('ffffffffffffffffffffffffffffffff'),	'MT',	0,	1,	'2017-12-14 15:25:56',	NULL),
  (unhex('005e91e909e84a738e28ef398df8c361'),	unhex('bdcb207c87ab4648b5acde9138f48894'),unhex('ffffffffffffffffffffffffffffffff'), unhex('ffffffffffffffffffffffffffffffff'),	'NE',	0,	1,	'2017-12-14 15:25:56',	NULL),
  (unhex('1565cb07aba54a76ae9e0fb5b15a53e6'),	unhex('bdcb207c87ab4648b5acde9138f48894'),unhex('ffffffffffffffffffffffffffffffff'), unhex('ffffffffffffffffffffffffffffffff'),	'NV',	0,	1,	'2017-12-14 15:25:56',	NULL),
  (unhex('e8dc65d4ca8f4bde85b4f16067c75abe'),	unhex('bdcb207c87ab4648b5acde9138f48894'),unhex('ffffffffffffffffffffffffffffffff'), unhex('ffffffffffffffffffffffffffffffff'),	'NH',	0,	1,	'2017-12-14 15:25:56',	NULL),
  (unhex('c25f6f25a4d54e719b39e53a51df2dac'),	unhex('bdcb207c87ab4648b5acde9138f48894'),unhex('ffffffffffffffffffffffffffffffff'), unhex('ffffffffffffffffffffffffffffffff'),	'NJ',	0,	1,	'2017-12-14 15:25:56',	NULL),
  (unhex('68cfb65c5bf9480c9f1cd4b88fd64afc'),	unhex('bd5e2dcf547e4df6bb1ff58a554bc69e'),unhex('ffffffffffffffffffffffffffffffff'), unhex('ffffffffffffffffffffffffffffffff'),	'BW',	0,	1,	'2017-12-14 15:25:56',	NULL),
  (unhex('b8d7147a03f24cd7af834bd4b27ecc11'),	unhex('bdcb207c87ab4648b5acde9138f48894'),unhex('ffffffffffffffffffffffffffffffff'), unhex('ffffffffffffffffffffffffffffffff'),	'NM',	0,	1,	'2017-12-14 15:25:56',	NULL),
  (unhex('4ad533b8633e4e8499e4fc181f7be68b'),	unhex('bdcb207c87ab4648b5acde9138f48894'),unhex('ffffffffffffffffffffffffffffffff'), unhex('ffffffffffffffffffffffffffffffff'),	'NY',	0,	1,	'2017-12-14 15:25:56',	NULL),
  (unhex('e0d1f234397545a6a696b53c4cc68e1a'),	unhex('bdcb207c87ab4648b5acde9138f48894'),unhex('ffffffffffffffffffffffffffffffff'), unhex('ffffffffffffffffffffffffffffffff'),	'NC',	0,	1,	'2017-12-14 15:25:56',	NULL),
  (unhex('8b1c7f38492b40bc86c1646e5b3d28ab'),	unhex('bdcb207c87ab4648b5acde9138f48894'),unhex('ffffffffffffffffffffffffffffffff'), unhex('ffffffffffffffffffffffffffffffff'),	'ND',	0,	1,	'2017-12-14 15:25:56',	NULL),
  (unhex('c0266b916faa4ddc8577e51bff8c4ac1'),	unhex('bdcb207c87ab4648b5acde9138f48894'),unhex('ffffffffffffffffffffffffffffffff'), unhex('ffffffffffffffffffffffffffffffff'),	'OH',	0,	1,	'2017-12-14 15:25:56',	NULL),
  (unhex('112dfdd5a55f480b8c7b7a2e397bac9f'),	unhex('bdcb207c87ab4648b5acde9138f48894'),unhex('ffffffffffffffffffffffffffffffff'), unhex('ffffffffffffffffffffffffffffffff'),	'OK',	0,	1,	'2017-12-14 15:25:56',	NULL),
  (unhex('34084f4a584e417898b9eb71b3e8785c'),	unhex('bdcb207c87ab4648b5acde9138f48894'),unhex('ffffffffffffffffffffffffffffffff'), unhex('ffffffffffffffffffffffffffffffff'),	'OR',	0,	1,	'2017-12-14 15:25:56',	NULL),
  (unhex('d0c988f6f82e4491b19f7f604f83e904'),	unhex('bdcb207c87ab4648b5acde9138f48894'),unhex('ffffffffffffffffffffffffffffffff'), unhex('ffffffffffffffffffffffffffffffff'),	'PA',	0,	1,	'2017-12-14 15:25:56',	NULL),
  (unhex('697d50726d4f4ef0935b06094c26eb17'),	unhex('bdcb207c87ab4648b5acde9138f48894'),unhex('ffffffffffffffffffffffffffffffff'), unhex('ffffffffffffffffffffffffffffffff'),	'RI',	0,	1,	'2017-12-14 15:25:56',	NULL),
  (unhex('cdfee470ea214942b2659f1b59319e9d'),	unhex('bdcb207c87ab4648b5acde9138f48894'),unhex('ffffffffffffffffffffffffffffffff'), unhex('ffffffffffffffffffffffffffffffff'),	'SC',	0,	1,	'2017-12-14 15:25:56',	NULL),
  (unhex('2e3bc98e36f94a0786ddd4b1f14f05c5'),	unhex('bd5e2dcf547e4df6bb1ff58a554bc69e'),unhex('ffffffffffffffffffffffffffffffff'), unhex('ffffffffffffffffffffffffffffffff'),	'BY',	0,	1,	'2017-12-14 15:25:56',	NULL),
  (unhex('8467df0d6571438394efd9e86b882eb0'),	unhex('bdcb207c87ab4648b5acde9138f48894'),unhex('ffffffffffffffffffffffffffffffff'), unhex('ffffffffffffffffffffffffffffffff'),	'SD',	0,	1,	'2017-12-14 15:25:56',	NULL),
  (unhex('46a14761feea4ae29490c9d04ff8aa2c'),	unhex('bdcb207c87ab4648b5acde9138f48894'),unhex('ffffffffffffffffffffffffffffffff'), unhex('ffffffffffffffffffffffffffffffff'),	'TN',	0,	1,	'2017-12-14 15:25:56',	NULL),
  (unhex('1e279e21defe4db3a71bcda7e41da67e'),	unhex('bdcb207c87ab4648b5acde9138f48894'),unhex('ffffffffffffffffffffffffffffffff'), unhex('ffffffffffffffffffffffffffffffff'),	'TX',	0,	1,	'2017-12-14 15:25:56',	NULL),
  (unhex('1d4c9fa0b1494b41a679dafe13cdddf1'),	unhex('bdcb207c87ab4648b5acde9138f48894'),unhex('ffffffffffffffffffffffffffffffff'), unhex('ffffffffffffffffffffffffffffffff'),	'UT',	0,	1,	'2017-12-14 15:25:56',	NULL),
  (unhex('28bb6e5fd903425985015b4bb119998a'),	unhex('bdcb207c87ab4648b5acde9138f48894'),unhex('ffffffffffffffffffffffffffffffff'), unhex('ffffffffffffffffffffffffffffffff'),	'VT',	0,	1,	'2017-12-14 15:25:56',	NULL),
  (unhex('8bdc6f449a2143fb8c9e1df5baf1848b'),	unhex('bdcb207c87ab4648b5acde9138f48894'),unhex('ffffffffffffffffffffffffffffffff'), unhex('ffffffffffffffffffffffffffffffff'),	'VA',	0,	1,	'2017-12-14 15:25:56',	NULL),
  (unhex('b514988533454fba84e10495bb2d8f4c'),	unhex('bdcb207c87ab4648b5acde9138f48894'),unhex('ffffffffffffffffffffffffffffffff'), unhex('ffffffffffffffffffffffffffffffff'),	'WA',	0,	1,	'2017-12-14 15:25:56',	NULL),
  (unhex('b5282cfa3c94480b8ed178f4302797bf'),	unhex('bdcb207c87ab4648b5acde9138f48894'),unhex('ffffffffffffffffffffffffffffffff'), unhex('ffffffffffffffffffffffffffffffff'),	'WV',	0,	1,	'2017-12-14 15:25:56',	NULL),
  (unhex('0dcd436e8b2e4fc9928ba95c2987aa3d'),	unhex('bdcb207c87ab4648b5acde9138f48894'),unhex('ffffffffffffffffffffffffffffffff'), unhex('ffffffffffffffffffffffffffffffff'),	'WI',	0,	1,	'2017-12-14 15:25:56',	NULL),
  (unhex('177bbd1d3fcb4ed8b0c766209cd47982'),	unhex('bdcb207c87ab4648b5acde9138f48894'),unhex('ffffffffffffffffffffffffffffffff'), unhex('ffffffffffffffffffffffffffffffff'),	'WY',	0,	1,	'2017-12-14 15:25:56',	NULL),
  (unhex('aa58264d165f418cb977724eaedcbc7c'),	unhex('bd5e2dcf547e4df6bb1ff58a554bc69e'),unhex('ffffffffffffffffffffffffffffffff'), unhex('ffffffffffffffffffffffffffffffff'),	'BE',	0,	1,	'2017-12-14 15:25:56',	NULL),
  (unhex('72693bfe1a3745c898bf223e7d159509'),	unhex('bd5e2dcf547e4df6bb1ff58a554bc69e'),unhex('ffffffffffffffffffffffffffffffff'), unhex('ffffffffffffffffffffffffffffffff'),	'BB',	0,	1,	'2017-12-14 15:25:56',	NULL),
  (unhex('d39df6c2540b452a9aa09d5347638319'),	unhex('bd5e2dcf547e4df6bb1ff58a554bc69e'),unhex('ffffffffffffffffffffffffffffffff'), unhex('ffffffffffffffffffffffffffffffff'),	'HB',	0,	1,	'2017-12-14 15:25:56',	NULL);

INSERT INTO `country_state_translation` (`country_state_id`, `version_id`,  `language_id`, `name`) VALUES
  (unhex('7adc050dffa94b89ae4c834ecc456ee6'),	unhex('ffffffffffffffffffffffffffffffff'), unhex('ffffffffffffffffffffffffffffffff'),	'Hamburg'),
  (unhex('14226386aa114ffea37bb639651bee5c'),	unhex('ffffffffffffffffffffffffffffffff'), unhex('ffffffffffffffffffffffffffffffff'),	'Hessen'),
  (unhex('05d7d9eb32dd4067a9b45c1630f637df'),	unhex('ffffffffffffffffffffffffffffffff'), unhex('ffffffffffffffffffffffffffffffff'),	'Mecklenburg-Vorpommern'),
  (unhex('552634a945dc42ca99d4da322015efff'),	unhex('ffffffffffffffffffffffffffffffff'), unhex('ffffffffffffffffffffffffffffffff'),	'Rheinland-Pfalz'),
  (unhex('8db06cf9d2864542bc20721a4fd33d29'),	unhex('ffffffffffffffffffffffffffffffff'), unhex('ffffffffffffffffffffffffffffffff'),	'Saarland'),
  (unhex('feca62f3423d414b894a2942754cbdba'),	unhex('ffffffffffffffffffffffffffffffff'), unhex('ffffffffffffffffffffffffffffffff'),	'Sachsen'),
  (unhex('002978df504b42a889b6772f1fa38352'),	unhex('ffffffffffffffffffffffffffffffff'), unhex('ffffffffffffffffffffffffffffffff'),	'Sachsen-Anhalt'),
  (unhex('772d9c7ff07446d7aa050acb6d883675'),	unhex('ffffffffffffffffffffffffffffffff'), unhex('ffffffffffffffffffffffffffffffff'),	'Schleswig-Holstein'),
  (unhex('a871a61bddf247e1b80152f411769427'),	unhex('ffffffffffffffffffffffffffffffff'), unhex('ffffffffffffffffffffffffffffffff'),	'Thüringen'),
  (unhex('371caef5a4df401bbed6cc47730a0a25'),	unhex('ffffffffffffffffffffffffffffffff'), unhex('ffffffffffffffffffffffffffffffff'),	'Niedersachsen'),
  (unhex('d7b6246e97ba4fe7b8b0f806726e7692'),	unhex('ffffffffffffffffffffffffffffffff'), unhex('ffffffffffffffffffffffffffffffff'),	'Alabama'),
  (unhex('4c167be7eb3046f0b10c6f5f1c45d3bb'),	unhex('ffffffffffffffffffffffffffffffff'), unhex('ffffffffffffffffffffffffffffffff'),	'Alaska'),
  (unhex('1fd9081b629f41b7bfc2364f99b7e57f'),	unhex('ffffffffffffffffffffffffffffffff'), unhex('ffffffffffffffffffffffffffffffff'),	'Arizona'),
  (unhex('9fe1b4959d1b437e8315321babc393d0'),	unhex('ffffffffffffffffffffffffffffffff'), unhex('ffffffffffffffffffffffffffffffff'),	'Arkansas'),
  (unhex('a95a10cd03da4700986a7b027c3a0e31'),	unhex('ffffffffffffffffffffffffffffffff'), unhex('ffffffffffffffffffffffffffffffff'),	'Kalifornien'),
  (unhex('78ba54ad32994d83a5171312465ad1db'),	unhex('ffffffffffffffffffffffffffffffff'), unhex('ffffffffffffffffffffffffffffffff'),	'Colorado'),
  (unhex('2c0ad3e249164a4faa4c242e104a4b02'),	unhex('ffffffffffffffffffffffffffffffff'), unhex('ffffffffffffffffffffffffffffffff'),	'Connecticut'),
  (unhex('6de89c3960804cef8f8d983c5348d289'),	unhex('ffffffffffffffffffffffffffffffff'), unhex('ffffffffffffffffffffffffffffffff'),	'Delaware'),
  (unhex('7f7b26bc822b4299b1ad36663172dc14'),	unhex('ffffffffffffffffffffffffffffffff'), unhex('ffffffffffffffffffffffffffffffff'),	'Florida'),
  (unhex('0115cb9a4e5f43ab9e713dfd5fd2ef00'),	unhex('ffffffffffffffffffffffffffffffff'), unhex('ffffffffffffffffffffffffffffffff'),	'Georgia'),
  (unhex('9f834bad88204d9896f31993624ac74c'),	unhex('ffffffffffffffffffffffffffffffff'), unhex('ffffffffffffffffffffffffffffffff'),	'Nordrhein-Westfalen'),
  (unhex('134aac207e3d421083689a39bd3877cc'),	unhex('ffffffffffffffffffffffffffffffff'), unhex('ffffffffffffffffffffffffffffffff'),	'Hawaii'),
  (unhex('e7519503db3648f9a48cefe5e17be567'),	unhex('ffffffffffffffffffffffffffffffff'), unhex('ffffffffffffffffffffffffffffffff'),	'Idaho'),
  (unhex('9d20b9e37d4e4adfbd66ac85658c828d'),	unhex('ffffffffffffffffffffffffffffffff'), unhex('ffffffffffffffffffffffffffffffff'),	'Illinois'),
  (unhex('29a45b771956491a99f1184d027dc7f1'),	unhex('ffffffffffffffffffffffffffffffff'), unhex('ffffffffffffffffffffffffffffffff'),	'Indiana'),
  (unhex('16dc652542a94e69b192353d24bdc2de'),	unhex('ffffffffffffffffffffffffffffffff'), unhex('ffffffffffffffffffffffffffffffff'),	'Iowa'),
  (unhex('022117c5d92a45acacdba7c0c9110293'),	unhex('ffffffffffffffffffffffffffffffff'), unhex('ffffffffffffffffffffffffffffffff'),	'Kansas'),
  (unhex('a2874ca93fb34d0588e88f18e93a1f3d'),	unhex('ffffffffffffffffffffffffffffffff'), unhex('ffffffffffffffffffffffffffffffff'),	'Kentucky'),
  (unhex('cc3cd9f9330d466c87e4e2b3fb69ada1'),	unhex('ffffffffffffffffffffffffffffffff'), unhex('ffffffffffffffffffffffffffffffff'),	'Louisiana'),
  (unhex('eea743e3f5c9406eabfab562305a61c7'),	unhex('ffffffffffffffffffffffffffffffff'), unhex('ffffffffffffffffffffffffffffffff'),	'Maine'),
  (unhex('a0b885eb852a4cf982e9c1e0dde17159'),	unhex('ffffffffffffffffffffffffffffffff'), unhex('ffffffffffffffffffffffffffffffff'),	'Maryland'),
  (unhex('dd18e22cde914bd9910a63cf6ec86630'),	unhex('ffffffffffffffffffffffffffffffff'), unhex('ffffffffffffffffffffffffffffffff'),	'Massachusetts'),
  (unhex('03807fd52c9e40e192f8b11f2f14a538'),	unhex('ffffffffffffffffffffffffffffffff'), unhex('ffffffffffffffffffffffffffffffff'),	'Michigan'),
  (unhex('aeb332f67f7d4210971d1c6c1a010d16'),	unhex('ffffffffffffffffffffffffffffffff'), unhex('ffffffffffffffffffffffffffffffff'),	'Minnesota'),
  (unhex('d7279d6ab300431c8004aa8c4617142a'),	unhex('ffffffffffffffffffffffffffffffff'), unhex('ffffffffffffffffffffffffffffffff'),	'Mississippi'),
  (unhex('2b43a2233005467b925f4ee69d9e1346'),	unhex('ffffffffffffffffffffffffffffffff'), unhex('ffffffffffffffffffffffffffffffff'),	'Missouri'),
  (unhex('3c91bc17fa534870b2d3d24d1b2d42bd'),	unhex('ffffffffffffffffffffffffffffffff'), unhex('ffffffffffffffffffffffffffffffff'),	'Montana'),
  (unhex('005e91e909e84a738e28ef398df8c361'),	unhex('ffffffffffffffffffffffffffffffff'), unhex('ffffffffffffffffffffffffffffffff'),	'Nebraska'),
  (unhex('1565cb07aba54a76ae9e0fb5b15a53e6'),	unhex('ffffffffffffffffffffffffffffffff'), unhex('ffffffffffffffffffffffffffffffff'),	'Nevada'),
  (unhex('e8dc65d4ca8f4bde85b4f16067c75abe'),	unhex('ffffffffffffffffffffffffffffffff'), unhex('ffffffffffffffffffffffffffffffff'),	'New Hampshire'),
  (unhex('c25f6f25a4d54e719b39e53a51df2dac'),	unhex('ffffffffffffffffffffffffffffffff'), unhex('ffffffffffffffffffffffffffffffff'),	'New Jersey'),
  (unhex('68cfb65c5bf9480c9f1cd4b88fd64afc'),	unhex('ffffffffffffffffffffffffffffffff'), unhex('ffffffffffffffffffffffffffffffff'),	'Baden-Württemberg'),
  (unhex('b8d7147a03f24cd7af834bd4b27ecc11'),	unhex('ffffffffffffffffffffffffffffffff'), unhex('ffffffffffffffffffffffffffffffff'),	'New Mexico'),
  (unhex('4ad533b8633e4e8499e4fc181f7be68b'),	unhex('ffffffffffffffffffffffffffffffff'), unhex('ffffffffffffffffffffffffffffffff'),	'New York'),
  (unhex('e0d1f234397545a6a696b53c4cc68e1a'),	unhex('ffffffffffffffffffffffffffffffff'), unhex('ffffffffffffffffffffffffffffffff'),	'North Carolina'),
  (unhex('8b1c7f38492b40bc86c1646e5b3d28ab'),	unhex('ffffffffffffffffffffffffffffffff'), unhex('ffffffffffffffffffffffffffffffff'),	'North Dakota'),
  (unhex('c0266b916faa4ddc8577e51bff8c4ac1'),	unhex('ffffffffffffffffffffffffffffffff'), unhex('ffffffffffffffffffffffffffffffff'),	'Ohio'),
  (unhex('112dfdd5a55f480b8c7b7a2e397bac9f'),	unhex('ffffffffffffffffffffffffffffffff'), unhex('ffffffffffffffffffffffffffffffff'),	'Oklahoma'),
  (unhex('34084f4a584e417898b9eb71b3e8785c'),	unhex('ffffffffffffffffffffffffffffffff'), unhex('ffffffffffffffffffffffffffffffff'),	'Oregon'),
  (unhex('d0c988f6f82e4491b19f7f604f83e904'),	unhex('ffffffffffffffffffffffffffffffff'), unhex('ffffffffffffffffffffffffffffffff'),	'Pennsylvania'),
  (unhex('697d50726d4f4ef0935b06094c26eb17'),	unhex('ffffffffffffffffffffffffffffffff'), unhex('ffffffffffffffffffffffffffffffff'),	'Rhode Island'),
  (unhex('cdfee470ea214942b2659f1b59319e9d'),	unhex('ffffffffffffffffffffffffffffffff'), unhex('ffffffffffffffffffffffffffffffff'),	'South Carolina'),
  (unhex('2e3bc98e36f94a0786ddd4b1f14f05c5'),	unhex('ffffffffffffffffffffffffffffffff'), unhex('ffffffffffffffffffffffffffffffff'),	'Bayern'),
  (unhex('8467df0d6571438394efd9e86b882eb0'),	unhex('ffffffffffffffffffffffffffffffff'), unhex('ffffffffffffffffffffffffffffffff'),	'South Dakota'),
  (unhex('46a14761feea4ae29490c9d04ff8aa2c'),	unhex('ffffffffffffffffffffffffffffffff'), unhex('ffffffffffffffffffffffffffffffff'),	'Tennessee'),
  (unhex('1e279e21defe4db3a71bcda7e41da67e'),	unhex('ffffffffffffffffffffffffffffffff'), unhex('ffffffffffffffffffffffffffffffff'),	'Texas'),
  (unhex('1d4c9fa0b1494b41a679dafe13cdddf1'),	unhex('ffffffffffffffffffffffffffffffff'), unhex('ffffffffffffffffffffffffffffffff'),	'Utah'),
  (unhex('28bb6e5fd903425985015b4bb119998a'),	unhex('ffffffffffffffffffffffffffffffff'), unhex('ffffffffffffffffffffffffffffffff'),	'Vermont'),
  (unhex('8bdc6f449a2143fb8c9e1df5baf1848b'),	unhex('ffffffffffffffffffffffffffffffff'), unhex('ffffffffffffffffffffffffffffffff'),	'Virginia'),
  (unhex('b514988533454fba84e10495bb2d8f4c'),	unhex('ffffffffffffffffffffffffffffffff'), unhex('ffffffffffffffffffffffffffffffff'),	'Washington'),
  (unhex('b5282cfa3c94480b8ed178f4302797bf'),	unhex('ffffffffffffffffffffffffffffffff'), unhex('ffffffffffffffffffffffffffffffff'),	'West Virginia'),
  (unhex('0dcd436e8b2e4fc9928ba95c2987aa3d'),	unhex('ffffffffffffffffffffffffffffffff'), unhex('ffffffffffffffffffffffffffffffff'),	'Wisconsin'),
  (unhex('177bbd1d3fcb4ed8b0c766209cd47982'),	unhex('ffffffffffffffffffffffffffffffff'), unhex('ffffffffffffffffffffffffffffffff'),	'Wyoming'),
  (unhex('aa58264d165f418cb977724eaedcbc7c'),	unhex('ffffffffffffffffffffffffffffffff'), unhex('ffffffffffffffffffffffffffffffff'),	'Berlin'),
  (unhex('72693bfe1a3745c898bf223e7d159509'),	unhex('ffffffffffffffffffffffffffffffff'), unhex('ffffffffffffffffffffffffffffffff'),	'Brandenburg'),
  (unhex('d39df6c2540b452a9aa09d5347638319'),	unhex('ffffffffffffffffffffffffffffffff'), unhex('ffffffffffffffffffffffffffffffff'),	'Bremen');

INSERT INTO `country_translation` (`country_id`, `version_id`, `language_id`, `name`) VALUES
  (unhex('ffe61e1c99154f9597014a310ab5482d'),	unhex('ffffffffffffffffffffffffffffffff'), unhex('ffffffffffffffffffffffffffffffff'), 'Griechenland'),
  (unhex('6c72828ec5e240588a35114cf1d4d5ef'),	unhex('ffffffffffffffffffffffffffffffff'), unhex('ffffffffffffffffffffffffffffffff'), 'Großbritannien'),
  (unhex('584c3ff22f5644789705383bde891fc9'),	unhex('ffffffffffffffffffffffffffffffff'), unhex('ffffffffffffffffffffffffffffffff'), 'Irland'),
  (unhex('b72b9b7cd26b4a40a36f2e76a1bf42c1'),	unhex('ffffffffffffffffffffffffffffffff'), unhex('ffffffffffffffffffffffffffffffff'), 'Island'),
  (unhex('92ca022e9d28492e9ea173f279fa6755'),	unhex('ffffffffffffffffffffffffffffffff'), unhex('ffffffffffffffffffffffffffffffff'), 'Italien'),
  (unhex('e130d974fd6c438485972fe00b5cd609'),	unhex('ffffffffffffffffffffffffffffffff'), unhex('ffffffffffffffffffffffffffffffff'), 'Japan'),
  (unhex('a453634acb414768b2542ae9a57639b5'),	unhex('ffffffffffffffffffffffffffffffff'), unhex('ffffffffffffffffffffffffffffffff'), 'Kanada'),
  (unhex('e5cbe4b2105843c3bdef2e9c03eccaae'),	unhex('ffffffffffffffffffffffffffffffff'), unhex('ffffffffffffffffffffffffffffffff'), 'Luxemburg'),
  (unhex('bd5e2dcf547e4df6bb1ff58a554bc69e'),	unhex('ffffffffffffffffffffffffffffffff'), unhex('ffffffffffffffffffffffffffffffff'), 'Deutschland'),
  (unhex('9deee5660fd1474fbecdf6fc1809add3'),	unhex('ffffffffffffffffffffffffffffffff'), unhex('ffffffffffffffffffffffffffffffff'), 'Namibia'),
  (unhex('04ed51ccbb2341bc9b352d78e64213fb'),	unhex('ffffffffffffffffffffffffffffffff'), unhex('ffffffffffffffffffffffffffffffff'), 'Niederlande'),
  (unhex('e216449bd67646cc9176a1d57a2f8094'),	unhex('ffffffffffffffffffffffffffffffff'), unhex('ffffffffffffffffffffffffffffffff'), 'Norwegen'),
  (unhex('c650574d63d34834b836d8e7f0339ca8'),	unhex('ffffffffffffffffffffffffffffffff'), unhex('ffffffffffffffffffffffffffffffff'), 'Österreich'),
  (unhex('a40ed5b07bca4b06995a0a56b1170155'),	unhex('ffffffffffffffffffffffffffffffff'), unhex('ffffffffffffffffffffffffffffffff'), 'Portugal'),
  (unhex('f7b0810e24234ae397c769b260a02474'),	unhex('ffffffffffffffffffffffffffffffff'), unhex('ffffffffffffffffffffffffffffffff'), 'Schweden'),
  (unhex('4f52e121f6724b968c00d05829f9a38d'),	unhex('ffffffffffffffffffffffffffffffff'), unhex('ffffffffffffffffffffffffffffffff'), 'Schweiz'),
  (unhex('2aba3f2990e044c78bf53b87fb6c3af3'),	unhex('ffffffffffffffffffffffffffffffff'), unhex('ffffffffffffffffffffffffffffffff'), 'Spanien'),
  (unhex('bdcb207c87ab4648b5acde9138f48894'),	unhex('ffffffffffffffffffffffffffffffff'), unhex('ffffffffffffffffffffffffffffffff'), 'USA'),
  (unhex('e163778197a24b61bd2ae72d006a6d3c'),	unhex('ffffffffffffffffffffffffffffffff'), unhex('ffffffffffffffffffffffffffffffff'), 'Liechtenstein'),
  (unhex('448744a58b9f44e58c40804fef6520f8'),	unhex('ffffffffffffffffffffffffffffffff'), unhex('ffffffffffffffffffffffffffffffff'), 'Arabische Emirate'),
  (unhex('259f7c2be0b44eb6a273a70ea6dd8029'),	unhex('ffffffffffffffffffffffffffffffff'), unhex('ffffffffffffffffffffffffffffffff'), 'Polen'),
  (unhex('d99834aefa4941b490dae37d0027f6bc'),	unhex('ffffffffffffffffffffffffffffffff'), unhex('ffffffffffffffffffffffffffffffff'), 'Ungarn'),
  (unhex('11cf2cdd303c41d7bf66808bfe7769a5'),	unhex('ffffffffffffffffffffffffffffffff'), unhex('ffffffffffffffffffffffffffffffff'), 'Türkei'),
  (unhex('b240408078894b0491634af5963f0c04'),	unhex('ffffffffffffffffffffffffffffffff'), unhex('ffffffffffffffffffffffffffffffff'), 'Tschechien'),
  (unhex('8021ae3dd9ec4675920c16152473e5cc'),	unhex('ffffffffffffffffffffffffffffffff'), unhex('ffffffffffffffffffffffffffffffff'), 'Slowakei'),
  (unhex('1d56b07f6a5e4ee0a4e23abc06ba9b1e'),	unhex('ffffffffffffffffffffffffffffffff'), unhex('ffffffffffffffffffffffffffffffff'), 'Rumänien'),
  (unhex('68fea9f12c9c46748382b1f48a32014f'),	unhex('ffffffffffffffffffffffffffffffff'), unhex('ffffffffffffffffffffffffffffffff'), 'Brasilien'),
  (unhex('1c91bf01a6a547a78497abf7b8e4e5db'),	unhex('ffffffffffffffffffffffffffffffff'), unhex('ffffffffffffffffffffffffffffffff'), 'Israel'),
  (unhex('5a4aa22452e04acca23185d4d21bb3bf'),	unhex('ffffffffffffffffffffffffffffffff'), unhex('ffffffffffffffffffffffffffffffff'), 'Australien'),
  (unhex('2e54611a053b4b19afccca547f50bf56'),	unhex('ffffffffffffffffffffffffffffffff'), unhex('ffffffffffffffffffffffffffffffff'), 'Belgien'),
  (unhex('1d7911d918714c3ea9f0d7339afd3d43'),	unhex('ffffffffffffffffffffffffffffffff'), unhex('ffffffffffffffffffffffffffffffff'), 'Dänemark'),
  (unhex('9d8661d69c10416c858dbf408ec2500a'),	unhex('ffffffffffffffffffffffffffffffff'), unhex('ffffffffffffffffffffffffffffffff'), 'Finnland'),
  (unhex('e85c25e1cdfc4cd4af49d54c34aa3d25'),	unhex('ffffffffffffffffffffffffffffffff'), unhex('ffffffffffffffffffffffffffffffff'), 'Frankreich');

INSERT INTO `order_state` (`id`, `version_id`, `position`, `has_mail`, `created_at`, `updated_at`) VALUES
  (UNHEX('1194A493806742C9B85E61F1F2CF9BE8'),	unhex('ffffffffffffffffffffffffffffffff'), 1,	0,	'2018-01-08 09:12:15',	NULL);

INSERT INTO `order_state_translation` (`description`, `version_id`, `order_state_id`, `language_id`) VALUES
  ('Offen',	UNHEX('1194A493806742C9B85E61F1F2CF9BE8'), unhex('ffffffffffffffffffffffffffffffff'),	UNHEX('ffffffffffffffffffffffffffffffff'));

INSERT INTO `order_transaction_state` (`id`, `version_id`, `position`, `has_mail`, `created_at`, `updated_at`) VALUES
  (UNHEX('099E79DBFA9F43E4876B172FF58359F2'),	unhex('ffffffffffffffffffffffffffffffff'),	3,	0,	'2018-03-08 10:45:04',	NULL),
  (UNHEX('60025B03849340BA8D1ABF7E58AA2B9F'),	unhex('ffffffffffffffffffffffffffffffff'),	1,	0,	'2018-03-08 10:45:04',	NULL),
  (UNHEX('B64BFC7F379144829365A6994A3B56E6'),	unhex('ffffffffffffffffffffffffffffffff'),	2,	0,	'2018-03-08 10:45:04',	NULL);

INSERT INTO `order_transaction_state_translation` (`order_transaction_state_id`, `version_id`, `language_id`, `language_version_id`, `description`) VALUES
  (UNHEX('099E79DBFA9F43E4876B172FF58359F2'),	unhex('ffffffffffffffffffffffffffffffff'),	UNHEX('FFA32A50E2D04CF38389A53F8D6CD594'),	UNHEX('FFFFFFFFFFFFFFFFFFFFFFFFFFFFFFFF'),	'Open'),
  (UNHEX('60025B03849340BA8D1ABF7E58AA2B9F'),	unhex('ffffffffffffffffffffffffffffffff'),	UNHEX('FFA32A50E2D04CF38389A53F8D6CD594'),	UNHEX('FFFFFFFFFFFFFFFFFFFFFFFFFFFFFFFF'),	'Fully paid'),
  (UNHEX('B64BFC7F379144829365A6994A3B56E6'),	unhex('ffffffffffffffffffffffffffffffff'),	UNHEX('FFA32A50E2D04CF38389A53F8D6CD594'),	UNHEX('FFFFFFFFFFFFFFFFFFFFFFFFFFFFFFFF'),	'Failed');

INSERT INTO `currency` (`id`, `version_id`, `is_default`, `factor`, `symbol`, `symbol_position`, `position`, `created_at`, `updated_at`) VALUES
  (unhex('4c8eba11bd3546d786afbed481a6e665'),	unhex('ffffffffffffffffffffffffffffffff'), 1,	1,	'€',	0,	0,	'2017-12-14 15:25:57',	NULL),
  (unhex('2824ea63db6741109e2378ddcc9cec84'),	unhex('ffffffffffffffffffffffffffffffff'), 0,	1.3625,	'$',	0,	0,	'2017-12-14 15:25:57',	NULL);

INSERT INTO `currency_translation` (`currency_id`, `version_id`, `language_id`, `short_name`, `name`) VALUES
  (unhex('4c8eba11bd3546d786afbed481a6e665'),	unhex('ffffffffffffffffffffffffffffffff'), unhex('ffffffffffffffffffffffffffffffff'),	'EUR',	'Euro'),
  (unhex('2824ea63db6741109e2378ddcc9cec84'),	unhex('ffffffffffffffffffffffffffffffff'), unhex('ffffffffffffffffffffffffffffffff'),	'USD',	'US-Dollar');

INSERT INTO `customer_group` (`id`, `version_id`, `display_gross`, `input_gross`, `has_global_discount`, `percentage_global_discount`, `minimum_order_amount`, `minimum_order_amount_surcharge`, `created_at`, `updated_at`) VALUES
  (unhex('3294e6f6372b415fac7371cbc191548f'),	unhex('ffffffffffffffffffffffffffffffff'), 1,	1,	0,	0,	10,	5,	'2017-12-14 15:25:58',	NULL),
  (unhex('60532312f7a74e9d90e59746958ac64e'),	unhex('ffffffffffffffffffffffffffffffff'), 0,	0,	0,	0,	0,	0,	'2017-12-14 15:25:58',	NULL);

INSERT INTO `customer_group_translation` (`customer_group_id`, `version_id`, `language_id`, `name`) VALUES
  (unhex('3294e6f6372b415fac7371cbc191548f'),	unhex('ffffffffffffffffffffffffffffffff'), unhex('ffffffffffffffffffffffffffffffff'),	'Shopkunden'),
  (unhex('60532312f7a74e9d90e59746958ac64e'),	unhex('ffffffffffffffffffffffffffffffff'), unhex('ffffffffffffffffffffffffffffffff'),	'B2B / Händler netto');

INSERT INTO `locale` (`id`, `version_id`, `code`, `created_at`, `updated_at`) VALUES
  (unhex('7b52d9dd2b0640ec90be9f57edf29be7'),	unhex('ffffffffffffffffffffffffffffffff'), 'de_DE',	'2017-12-14 15:25:59',	NULL),
  (unhex('6468611c0f774305a5ca265cb8b6adbb'),	unhex('ffffffffffffffffffffffffffffffff'), 'ar_AE',	'2017-12-14 15:25:59',	NULL),
  (unhex('ab09518a825942fbaaaf9e5951ae9113'),	unhex('ffffffffffffffffffffffffffffffff'), 'fa_AF',	'2017-12-14 15:25:59',	NULL),
  (unhex('1967fd0bde6644b2b6132b5694a19ecb'),	unhex('ffffffffffffffffffffffffffffffff'), 'fa_IR',	'2017-12-14 15:25:59',	NULL),
  (unhex('6b3fd72c2d77470a9842c41a63b27fd9'),	unhex('ffffffffffffffffffffffffffffffff'), 'fi_FI',	'2017-12-14 15:25:59',	NULL),
  (unhex('1f5092adda8940ae83d888c293e6c5e8'),	unhex('ffffffffffffffffffffffffffffffff'), 'fil_PH',	'2017-12-14 15:25:59',	NULL),
  (unhex('c6dfbe7cf0044de499c676f939061572'),	unhex('ffffffffffffffffffffffffffffffff'), 'fo_FO',	'2017-12-14 15:25:59',	NULL),
  (unhex('458029c478cf4de48cb1929af6b49f56'),	unhex('ffffffffffffffffffffffffffffffff'), 'fr_BE',	'2017-12-14 15:25:59',	NULL),
  (unhex('c9633f6c797f4344bfcdb9277fc0dcca'),	unhex('ffffffffffffffffffffffffffffffff'), 'fr_CA',	'2017-12-14 15:25:59',	NULL),
  (unhex('71f184e6fb914693842db2d2008aadf2'),	unhex('ffffffffffffffffffffffffffffffff'), 'fr_CH',	'2017-12-14 15:25:59',	NULL),
  (unhex('03fb597a642b447c97dfd3e1ebe3a8d4'),	unhex('ffffffffffffffffffffffffffffffff'), 'fr_FR',	'2017-12-14 15:25:59',	NULL),
  (unhex('7d0baf560b994fe18b7023674722bebb'),	unhex('ffffffffffffffffffffffffffffffff'), 'fr_LU',	'2017-12-14 15:25:59',	NULL),
  (unhex('1a166699bd364015aa872387d3770f84'),	unhex('ffffffffffffffffffffffffffffffff'), 'ar_BH',	'2017-12-14 15:25:59',	NULL),
  (unhex('8285eb7a14da48ceb7374eb4f16570f7'),	unhex('ffffffffffffffffffffffffffffffff'), 'fr_MC',	'2017-12-14 15:25:59',	NULL),
  (unhex('e78ac901fd9b4ed18bf28caaa77ee74b'),	unhex('ffffffffffffffffffffffffffffffff'), 'fr_SN',	'2017-12-14 15:25:59',	NULL),
  (unhex('a900012c8a81473aa7c8653a5c80f509'),	unhex('ffffffffffffffffffffffffffffffff'), 'fur_IT',	'2017-12-14 15:25:59',	NULL),
  (unhex('ccf55a76d7684b1f80dd7eb208c8ab25'),	unhex('ffffffffffffffffffffffffffffffff'), 'ga_IE',	'2017-12-14 15:25:59',	NULL),
  (unhex('cb5a4a5de2214e9f909692f36a1a10de'),	unhex('ffffffffffffffffffffffffffffffff'), 'gaa_GH',	'2017-12-14 15:25:59',	NULL),
  (unhex('91baad7dd12342a98f06079925271f0d'),	unhex('ffffffffffffffffffffffffffffffff'), 'gez_ER',	'2017-12-14 15:25:59',	NULL),
  (unhex('d9c9e0a82cfb42a5a253775436ad106c'),	unhex('ffffffffffffffffffffffffffffffff'), 'gez_ET',	'2017-12-14 15:25:59',	NULL),
  (unhex('275ee5ab76d84257ab6d4496c5e4e838'),	unhex('ffffffffffffffffffffffffffffffff'), 'gl_ES',	'2017-12-14 15:25:59',	NULL),
  (unhex('2ffe9f822c2442658eb1b6aad9ded850'),	unhex('ffffffffffffffffffffffffffffffff'), 'gsw_CH',	'2017-12-14 15:25:59',	NULL),
  (unhex('43abaa4456e0485ab5baafd39ef2fbc4'),	unhex('ffffffffffffffffffffffffffffffff'), 'gu_IN',	'2017-12-14 15:25:59',	NULL),
  (unhex('a4b7b6e6b9db4395b2279eaeb9065a08'),	unhex('ffffffffffffffffffffffffffffffff'), 'ar_DZ',	'2017-12-14 15:25:59',	NULL),
  (unhex('13de79afcfe041038052505cac84a3d6'),	unhex('ffffffffffffffffffffffffffffffff'), 'gv_GB',	'2017-12-14 15:25:59',	NULL),
  (unhex('ecd617039ffd42f4b2adafb0a1b93ca7'),	unhex('ffffffffffffffffffffffffffffffff'), 'ha_GH',	'2017-12-14 15:25:59',	NULL),
  (unhex('8c89cb4663e14855bc03dfdda8f99169'),	unhex('ffffffffffffffffffffffffffffffff'), 'ha_NE',	'2017-12-14 15:25:59',	NULL),
  (unhex('0ea82a89f6aa4c91b54323103c488bce'),	unhex('ffffffffffffffffffffffffffffffff'), 'ha_NG',	'2017-12-14 15:25:59',	NULL),
  (unhex('08492d3423e14114b4a8353787749308'),	unhex('ffffffffffffffffffffffffffffffff'), 'ha_SD',	'2017-12-14 15:25:59',	NULL),
  (unhex('5292a212064345a298faa3b0e8499c0e'),	unhex('ffffffffffffffffffffffffffffffff'), 'haw_US',	'2017-12-14 15:25:59',	NULL),
  (unhex('d3ec559bcbb34c619b1d566018013309'),	unhex('ffffffffffffffffffffffffffffffff'), 'he_IL',	'2017-12-14 15:25:59',	NULL),
  (unhex('bb8eb40270f8470c93f1b75f3fd0a7eb'),	unhex('ffffffffffffffffffffffffffffffff'), 'hi_IN',	'2017-12-14 15:25:59',	NULL),
  (unhex('31386b509e804455b3ec26e6c28f19fc'),	unhex('ffffffffffffffffffffffffffffffff'), 'hr_HR',	'2017-12-14 15:25:59',	NULL),
  (unhex('80b31abf23444673b7fdb0084fbc010e'),	unhex('ffffffffffffffffffffffffffffffff'), 'hu_HU',	'2017-12-14 15:25:59',	NULL),
  (unhex('2733adcf5eb94e3f9a31412f7a1294fa'),	unhex('ffffffffffffffffffffffffffffffff'), 'ar_EG',	'2017-12-14 15:25:59',	NULL),
  (unhex('6d3b2f751f364279979739bd2bd6b59e'),	unhex('ffffffffffffffffffffffffffffffff'), 'hy_AM',	'2017-12-14 15:25:59',	NULL),
  (unhex('2324485b21814b46ae0033dd3baef55c'),	unhex('ffffffffffffffffffffffffffffffff'), 'id_ID',	'2017-12-14 15:25:59',	NULL),
  (unhex('a6a5691372fa4c7a9ab14148bea51272'),	unhex('ffffffffffffffffffffffffffffffff'), 'ig_NG',	'2017-12-14 15:25:59',	NULL),
  (unhex('a930a9c1d5504a299e177d62e07e6b13'),	unhex('ffffffffffffffffffffffffffffffff'), 'ii_CN',	'2017-12-14 15:25:59',	NULL),
  (unhex('c626598c2e644640ad5282c854f37983'),	unhex('ffffffffffffffffffffffffffffffff'), 'is_IS',	'2017-12-14 15:25:59',	NULL),
  (unhex('4ccedb86c20d47bd8ff3e2b0e1154a9b'),	unhex('ffffffffffffffffffffffffffffffff'), 'it_CH',	'2017-12-14 15:25:59',	NULL),
  (unhex('7d105b4275cb4b3d963bfc85d41402d4'),	unhex('ffffffffffffffffffffffffffffffff'), 'it_IT',	'2017-12-14 15:25:59',	NULL),
  (unhex('aada3192db9b45229aef91fc1b787a27'),	unhex('ffffffffffffffffffffffffffffffff'), 'ja_JP',	'2017-12-14 15:25:59',	NULL),
  (unhex('6690c11d573945a3a41ea5e87d5a31a4'),	unhex('ffffffffffffffffffffffffffffffff'), 'ka_GE',	'2017-12-14 15:25:59',	NULL),
  (unhex('f3b31a636ee6471788ecb948b31cedf8'),	unhex('ffffffffffffffffffffffffffffffff'), 'kaj_NG',	'2017-12-14 15:25:59',	NULL),
  (unhex('7dc700a676164b4083b11b725052e6e1'),	unhex('ffffffffffffffffffffffffffffffff'), 'ar_IQ',	'2017-12-14 15:25:59',	NULL),
  (unhex('67dcdde95f3f4b319ab97f499f4adeb6'),	unhex('ffffffffffffffffffffffffffffffff'), 'kam_KE',	'2017-12-14 15:25:59',	NULL),
  (unhex('b36c66efaadb4b938cc231a8209fbb11'),	unhex('ffffffffffffffffffffffffffffffff'), 'kcg_NG',	'2017-12-14 15:25:59',	NULL),
  (unhex('f4aa1ab8ff424d1d8505fcc19486547f'),	unhex('ffffffffffffffffffffffffffffffff'), 'kfo_CI',	'2017-12-14 15:25:59',	NULL),
  (unhex('f2459a5f6a8443faa55978bfdf8eadbe'),	unhex('ffffffffffffffffffffffffffffffff'), 'kk_KZ',	'2017-12-14 15:25:59',	NULL),
  (unhex('bb6a8d38a10844df9ae0694455f24f99'),	unhex('ffffffffffffffffffffffffffffffff'), 'kl_GL',	'2017-12-14 15:25:59',	NULL),
  (unhex('ab695a27f6db46ba972f81eb2a0cea70'),	unhex('ffffffffffffffffffffffffffffffff'), 'km_KH',	'2017-12-14 15:25:59',	NULL),
  (unhex('b7327288b3ac4972aae10266d1f2eaed'),	unhex('ffffffffffffffffffffffffffffffff'), 'kn_IN',	'2017-12-14 15:25:59',	NULL),
  (unhex('29f5dd91d20c4f8796430babdb158cd3'),	unhex('ffffffffffffffffffffffffffffffff'), 'ko_KR',	'2017-12-14 15:25:59',	NULL),
  (unhex('b835923ea44c43608b20dc65cd9a67b9'),	unhex('ffffffffffffffffffffffffffffffff'), 'kok_IN',	'2017-12-14 15:25:59',	NULL),
  (unhex('f9dbc88d5e314a8da93e5ab1c128f22c'),	unhex('ffffffffffffffffffffffffffffffff'), 'kpe_GN',	'2017-12-14 15:25:59',	NULL),
  (unhex('25273dd0e22a4bb68bf443b0c2ee1ce3'),	unhex('ffffffffffffffffffffffffffffffff'), 'ar_JO',	'2017-12-14 15:25:59',	NULL),
  (unhex('63f1958f860e44f3b15acef13941063b'),	unhex('ffffffffffffffffffffffffffffffff'), 'kpe_LR',	'2017-12-14 15:25:59',	NULL),
  (unhex('8d02182d344e4d6582d3f8f0a40c1ec1'),	unhex('ffffffffffffffffffffffffffffffff'), 'ku_IQ',	'2017-12-14 15:25:59',	NULL),
  (unhex('33a84a106ab5490da59cb498f9585418'),	unhex('ffffffffffffffffffffffffffffffff'), 'ku_IR',	'2017-12-14 15:25:59',	NULL),
  (unhex('b25c0d582e3d49e596a56098b058806e'),	unhex('ffffffffffffffffffffffffffffffff'), 'ku_SY',	'2017-12-14 15:25:59',	NULL),
  (unhex('11d92697b6ed40029b201425228ef593'),	unhex('ffffffffffffffffffffffffffffffff'), 'ku_TR',	'2017-12-14 15:25:59',	NULL),
  (unhex('d5b5f6f1375748e6869550dac50534f7'),	unhex('ffffffffffffffffffffffffffffffff'), 'kw_GB',	'2017-12-14 15:25:59',	NULL),
  (unhex('ab6e568562af4e2e9f2b2dbe05b741fe'),	unhex('ffffffffffffffffffffffffffffffff'), 'ky_KG',	'2017-12-14 15:25:59',	NULL),
  (unhex('749023fbd35b4d3bbf6066564e50f5d1'),	unhex('ffffffffffffffffffffffffffffffff'), 'ln_CD',	'2017-12-14 15:25:59',	NULL),
  (unhex('c821fbb406cd42869497e3285dda6e11'),	unhex('ffffffffffffffffffffffffffffffff'), 'ln_CG',	'2017-12-14 15:25:59',	NULL),
  (unhex('70620c7ba8c2449d999b5df6c17d145d'),	unhex('ffffffffffffffffffffffffffffffff'), 'lo_LA',	'2017-12-14 15:25:59',	NULL),
  (unhex('540ce4a983ad40afbaf5dbcd4666d550'),	unhex('ffffffffffffffffffffffffffffffff'), 'ar_KW',	'2017-12-14 15:25:59',	NULL),
  (unhex('63fe474d18844e18953710718c520179'),	unhex('ffffffffffffffffffffffffffffffff'), 'lt_LT',	'2017-12-14 15:25:59',	NULL),
  (unhex('6a2b312b5d6b4c749c1abdc7ddfc2e4f'),	unhex('ffffffffffffffffffffffffffffffff'), 'lv_LV',	'2017-12-14 15:25:59',	NULL),
  (unhex('d7e7c2749a504a58b21f8453ba6272ff'),	unhex('ffffffffffffffffffffffffffffffff'), 'mk_MK',	'2017-12-14 15:25:59',	NULL),
  (unhex('c2bdf6f4df364955bfd154905d9165af'),	unhex('ffffffffffffffffffffffffffffffff'), 'ml_IN',	'2017-12-14 15:25:59',	NULL),
  (unhex('00b4688f65684f5ba8e63bfbc3857ea7'),	unhex('ffffffffffffffffffffffffffffffff'), 'mn_CN',	'2017-12-14 15:25:59',	NULL),
  (unhex('72b837bbd7294f95bcdbddb7c1495be5'),	unhex('ffffffffffffffffffffffffffffffff'), 'mn_MN',	'2017-12-14 15:25:59',	NULL),
  (unhex('21599099cdbf4e77b989644a2b8ac91e'),	unhex('ffffffffffffffffffffffffffffffff'), 'mr_IN',	'2017-12-14 15:25:59',	NULL),
  (unhex('9aa4a88f3a42428195f8f1ea73cb382c'),	unhex('ffffffffffffffffffffffffffffffff'), 'ms_BN',	'2017-12-14 15:25:59',	NULL),
  (unhex('18a299dd77fb4c8ebe64cf86c225097b'),	unhex('ffffffffffffffffffffffffffffffff'), 'ms_MY',	'2017-12-14 15:25:59',	NULL),
  (unhex('68ae4f7d86b34db5a36aeeb1607e1b32'),	unhex('ffffffffffffffffffffffffffffffff'), 'mt_MT',	'2017-12-14 15:25:59',	NULL),
  (unhex('3537ff61bda24a14b2e41b3ba15a1c9c'),	unhex('ffffffffffffffffffffffffffffffff'), 'ar_LB',	'2017-12-14 15:25:59',	NULL),
  (unhex('cd1d85afab5a4043ac924234328289e3'),	unhex('ffffffffffffffffffffffffffffffff'), 'my_MM',	'2017-12-14 15:25:59',	NULL),
  (unhex('3cf32749d80748929ee532d55aed7808'),	unhex('ffffffffffffffffffffffffffffffff'), 'nb_NO',	'2017-12-14 15:25:59',	NULL),
  (unhex('a54446981bd14281bb943208b2d4f0ac'),	unhex('ffffffffffffffffffffffffffffffff'), 'nds_DE',	'2017-12-14 15:25:59',	NULL),
  (unhex('8b2763c98c554c5192c943d7755ee7da'),	unhex('ffffffffffffffffffffffffffffffff'), 'ne_IN',	'2017-12-14 15:25:59',	NULL),
  (unhex('90e4ae0d69614663a5b16a2708e55069'),	unhex('ffffffffffffffffffffffffffffffff'), 'ne_NP',	'2017-12-14 15:25:59',	NULL),
  (unhex('57b8810893ff48229a9418967071ca53'),	unhex('ffffffffffffffffffffffffffffffff'), 'nl_BE',	'2017-12-14 15:25:59',	NULL),
  (unhex('d8d54f6228e34cb5b72ec9e966e1a119'),	unhex('ffffffffffffffffffffffffffffffff'), 'nl_NL',	'2017-12-14 15:25:59',	NULL),
  (unhex('d3560278b19d4372a6e5c319ba04862f'),	unhex('ffffffffffffffffffffffffffffffff'), 'nn_NO',	'2017-12-14 15:25:59',	NULL),
  (unhex('dab435705ee147b881a9226ea62c5ed9'),	unhex('ffffffffffffffffffffffffffffffff'), 'nr_ZA',	'2017-12-14 15:25:59',	NULL),
  (unhex('70885a2fe0d34ff8a3b60a8c67ada0b2'),	unhex('ffffffffffffffffffffffffffffffff'), 'nso_ZA',	'2017-12-14 15:25:59',	NULL),
  (unhex('e3ba1499cee743ea9acf5a0fc854ee85'),	unhex('ffffffffffffffffffffffffffffffff'), 'ar_LY',	'2017-12-14 15:25:59',	NULL),
  (unhex('5be608dfc5ba4cf9ae10981f828d238c'),	unhex('ffffffffffffffffffffffffffffffff'), 'ny_MW',	'2017-12-14 15:25:59',	NULL),
  (unhex('f672f4b2f8c044a2af9bad85e0a08a06'),	unhex('ffffffffffffffffffffffffffffffff'), 'oc_FR',	'2017-12-14 15:25:59',	NULL),
  (unhex('71ecafa13800482c88b4bc4a59d4e79e'),	unhex('ffffffffffffffffffffffffffffffff'), 'om_ET',	'2017-12-14 15:25:59',	NULL),
  (unhex('eafb6d475a0048b3b1a684cabe482d28'),	unhex('ffffffffffffffffffffffffffffffff'), 'om_KE',	'2017-12-14 15:25:59',	NULL),
  (unhex('84073771c77f41e0a03dcdcfc2282e5f'),	unhex('ffffffffffffffffffffffffffffffff'), 'or_IN',	'2017-12-14 15:25:59',	NULL),
  (unhex('0bc4b51524984b7e9f8b1feec6b3c536'),	unhex('ffffffffffffffffffffffffffffffff'), 'pa_IN',	'2017-12-14 15:25:59',	NULL),
  (unhex('d03530f446a5421e97e2ff7b683366bf'),	unhex('ffffffffffffffffffffffffffffffff'), 'pa_PK',	'2017-12-14 15:25:59',	NULL),
  (unhex('5dd4b2ea860d49758cec35a35fe3ea54'),	unhex('ffffffffffffffffffffffffffffffff'), 'pl_PL',	'2017-12-14 15:25:59',	NULL),
  (unhex('966cce7d3b88483ba4d252959d8d0e6b'),	unhex('ffffffffffffffffffffffffffffffff'), 'ps_AF',	'2017-12-14 15:25:59',	NULL),
  (unhex('7ffe65d6544648d2b45e1f18c52e487c'),	unhex('ffffffffffffffffffffffffffffffff'), 'pt_BR',	'2017-12-14 15:25:59',	NULL),
  (unhex('2f45f3a4995448a4a104dea99f6adf08'),	unhex('ffffffffffffffffffffffffffffffff'), 'ar_MA',	'2017-12-14 15:25:59',	NULL),
  (unhex('366fddcf03e649bfa558745bc843b27c'),	unhex('ffffffffffffffffffffffffffffffff'), 'pt_PT',	'2017-12-14 15:25:59',	NULL),
  (unhex('355a7dc3c5d643578d99780219a6a07e'),	unhex('ffffffffffffffffffffffffffffffff'), 'ro_MD',	'2017-12-14 15:25:59',	NULL),
  (unhex('8622da119e2d4da78ad3a88562342303'),	unhex('ffffffffffffffffffffffffffffffff'), 'ro_RO',	'2017-12-14 15:25:59',	NULL),
  (unhex('ba0f948780ec4c53b43941ebb6ccbb1a'),	unhex('ffffffffffffffffffffffffffffffff'), 'ru_RU',	'2017-12-14 15:25:59',	NULL),
  (unhex('7709c4c442f44d60ac01e2b96875b7c0'),	unhex('ffffffffffffffffffffffffffffffff'), 'ru_UA',	'2017-12-14 15:25:59',	NULL),
  (unhex('7985c433b7c64b12a018f150ab5a1529'),	unhex('ffffffffffffffffffffffffffffffff'), 'rw_RW',	'2017-12-14 15:25:59',	NULL),
  (unhex('9ad7b91790724c61a82c3cfe93645bef'),	unhex('ffffffffffffffffffffffffffffffff'), 'sa_IN',	'2017-12-14 15:25:59',	NULL),
  (unhex('cd0de34f766b498ca4dd46a2dd24bd35'),	unhex('ffffffffffffffffffffffffffffffff'), 'se_FI',	'2017-12-14 15:25:59',	NULL),
  (unhex('dfa5457155eb49fea27943bf3dc2f48f'),	unhex('ffffffffffffffffffffffffffffffff'), 'se_NO',	'2017-12-14 15:25:59',	NULL),
  (unhex('b1c75da2bbf5417aaec82b58df7bea43'),	unhex('ffffffffffffffffffffffffffffffff'), 'sh_BA',	'2017-12-14 15:25:59',	NULL),
  (unhex('2f3663edb7614308a60188c21c7963d5'),	unhex('ffffffffffffffffffffffffffffffff'), 'en_GB',	'2017-12-14 15:25:59',	NULL),
  (unhex('9aad0f2a1c424d98b81bcd3d2faf0bda'),	unhex('ffffffffffffffffffffffffffffffff'), 'ar_OM',	'2017-12-14 15:25:59',	NULL),
  (unhex('c84e91e448294fd5b910dabb754a0acf'),	unhex('ffffffffffffffffffffffffffffffff'), 'sh_CS',	'2017-12-14 15:25:59',	NULL),
  (unhex('4f6abb958d76460c9581e4b3dcecbb8e'),	unhex('ffffffffffffffffffffffffffffffff'), 'sh_YU',	'2017-12-14 15:25:59',	NULL),
  (unhex('3b7b74f5f23e43598423ad00d9f0ca52'),	unhex('ffffffffffffffffffffffffffffffff'), 'si_LK',	'2017-12-14 15:25:59',	NULL),
  (unhex('6be9c0f234644766a5051e0ab55e41ca'),	unhex('ffffffffffffffffffffffffffffffff'), 'sid_ET',	'2017-12-14 15:25:59',	NULL),
  (unhex('1240bb005de546ef9e980b639e4c04a1'),	unhex('ffffffffffffffffffffffffffffffff'), 'sk_SK',	'2017-12-14 15:25:59',	NULL),
  (unhex('1984f39fdb824558becc7d90cd868c7c'),	unhex('ffffffffffffffffffffffffffffffff'), 'sl_SI',	'2017-12-14 15:25:59',	NULL),
  (unhex('ec6fd5e6be73407f84c1b0a180c802ae'),	unhex('ffffffffffffffffffffffffffffffff'), 'so_DJ',	'2017-12-14 15:25:59',	NULL),
  (unhex('dd7c423eb77f4283af0b875ed524d214'),	unhex('ffffffffffffffffffffffffffffffff'), 'so_ET',	'2017-12-14 15:25:59',	NULL),
  (unhex('de211b3ea3774837b5cc81edbbfacfa4'),	unhex('ffffffffffffffffffffffffffffffff'), 'so_KE',	'2017-12-14 15:25:59',	NULL),
  (unhex('abd65e745a3048acb978793478926d68'),	unhex('ffffffffffffffffffffffffffffffff'), 'so_SO',	'2017-12-14 15:25:59',	NULL),
  (unhex('824dbd6cf5eb4e66bc346ed4dd4b7944'),	unhex('ffffffffffffffffffffffffffffffff'), 'ar_QA',	'2017-12-14 15:25:59',	NULL),
  (unhex('2cc7ebce3743499398cb5c6eb5cf9161'),	unhex('ffffffffffffffffffffffffffffffff'), 'sq_AL',	'2017-12-14 15:25:59',	NULL),
  (unhex('340756898ba64b07b8dca201ff6686b7'),	unhex('ffffffffffffffffffffffffffffffff'), 'sr_BA',	'2017-12-14 15:25:59',	NULL),
  (unhex('022b45ad03834454aa41959042aa6d83'),	unhex('ffffffffffffffffffffffffffffffff'), 'sr_CS',	'2017-12-14 15:25:59',	NULL),
  (unhex('c0a25a5910364bd28d6bfa8f806e611d'),	unhex('ffffffffffffffffffffffffffffffff'), 'sr_ME',	'2017-12-14 15:25:59',	NULL),
  (unhex('d79faffcf4fd4f94b083e65e3e7fba1a'),	unhex('ffffffffffffffffffffffffffffffff'), 'sr_RS',	'2017-12-14 15:25:59',	NULL),
  (unhex('ab1d6991c50c429095cf02ace40d8368'),	unhex('ffffffffffffffffffffffffffffffff'), 'sr_YU',	'2017-12-14 15:25:59',	NULL),
  (unhex('f76f5280d30c4d41bbdd6b52aa6bf9bd'),	unhex('ffffffffffffffffffffffffffffffff'), 'ss_SZ',	'2017-12-14 15:25:59',	NULL),
  (unhex('3bbcfcbe32a9424b95884fed18b84fd7'),	unhex('ffffffffffffffffffffffffffffffff'), 'ss_ZA',	'2017-12-14 15:25:59',	NULL),
  (unhex('6c46211170f2490791a532753578501c'),	unhex('ffffffffffffffffffffffffffffffff'), 'st_LS',	'2017-12-14 15:25:59',	NULL),
  (unhex('e9033d791a794726b9f8674353f304d8'),	unhex('ffffffffffffffffffffffffffffffff'), 'st_ZA',	'2017-12-14 15:25:59',	NULL),
  (unhex('52a141d757ff4abca9fd8277a60962a9'),	unhex('ffffffffffffffffffffffffffffffff'), 'ar_SA',	'2017-12-14 15:25:59',	NULL),
  (unhex('33a1654a65e44739a16305c821453da4'),	unhex('ffffffffffffffffffffffffffffffff'), 'sv_FI',	'2017-12-14 15:25:59',	NULL),
  (unhex('c448a02ef9a34386843b7b888f71f84a'),	unhex('ffffffffffffffffffffffffffffffff'), 'sv_SE',	'2017-12-14 15:25:59',	NULL),
  (unhex('a92c44386ccd4b3595bf23c34ed0e67b'),	unhex('ffffffffffffffffffffffffffffffff'), 'sw_KE',	'2017-12-14 15:25:59',	NULL),
  (unhex('417b4ba5af2145f0b9598ecb171c65da'),	unhex('ffffffffffffffffffffffffffffffff'), 'sw_TZ',	'2017-12-14 15:25:59',	NULL),
  (unhex('27f0a51203fb415bbc986405b779ff07'),	unhex('ffffffffffffffffffffffffffffffff'), 'syr_SY',	'2017-12-14 15:25:59',	NULL),
  (unhex('e7d42311a5d243278f1cd6fbbca2c25c'),	unhex('ffffffffffffffffffffffffffffffff'), 'ta_IN',	'2017-12-14 15:25:59',	NULL),
  (unhex('dcc080d2502c4aec9009e2a7f7b216c3'),	unhex('ffffffffffffffffffffffffffffffff'), 'te_IN',	'2017-12-14 15:25:59',	NULL),
  (unhex('52bed3e53b474a9e9a6042e45d6286f1'),	unhex('ffffffffffffffffffffffffffffffff'), 'tg_TJ',	'2017-12-14 15:25:59',	NULL),
  (unhex('c11cbaf3f6274099925bb79263ccef4a'),	unhex('ffffffffffffffffffffffffffffffff'), 'th_TH',	'2017-12-14 15:25:59',	NULL),
  (unhex('5d08c4033b894a63a445971cb5308306'),	unhex('ffffffffffffffffffffffffffffffff'), 'ti_ER',	'2017-12-14 15:25:59',	NULL),
  (unhex('d0c73d0e5d0c43618a54a69acb736f4a'),	unhex('ffffffffffffffffffffffffffffffff'), 'ar_SD',	'2017-12-14 15:25:59',	NULL),
  (unhex('75a3fc2c05934e7ab71c56cbd07dbdb4'),	unhex('ffffffffffffffffffffffffffffffff'), 'ti_ET',	'2017-12-14 15:25:59',	NULL),
  (unhex('437b03b211bc4f148b67e79e2e3176bb'),	unhex('ffffffffffffffffffffffffffffffff'), 'tig_ER',	'2017-12-14 15:25:59',	NULL),
  (unhex('c627c3404cfa4744bc70b568b2a3c7ab'),	unhex('ffffffffffffffffffffffffffffffff'), 'tn_ZA',	'2017-12-14 15:25:59',	NULL),
  (unhex('109d93d853864102bf3f4e621988f7f2'),	unhex('ffffffffffffffffffffffffffffffff'), 'to_TO',	'2017-12-14 15:25:59',	NULL),
  (unhex('30cdf6a43a4c4b97b92f0091b7996e41'),	unhex('ffffffffffffffffffffffffffffffff'), 'tr_TR',	'2017-12-14 15:25:59',	NULL),
  (unhex('d0efe2ed8662465dae0e2d1bf03b091b'),	unhex('ffffffffffffffffffffffffffffffff'), 'ts_ZA',	'2017-12-14 15:25:59',	NULL),
  (unhex('a40c28733a5842bbb2583b88cf01f06f'),	unhex('ffffffffffffffffffffffffffffffff'), 'tt_RU',	'2017-12-14 15:25:59',	NULL),
  (unhex('52fe5eb97b174e7aa63783acbbc9a97e'),	unhex('ffffffffffffffffffffffffffffffff'), 'ug_CN',	'2017-12-14 15:25:59',	NULL),
  (unhex('e3a69696824d415e81eb416ce5ca5b69'),	unhex('ffffffffffffffffffffffffffffffff'), 'uk_UA',	'2017-12-14 15:25:59',	NULL),
  (unhex('a39b21436e1a4b03a69c784c2f9eadf8'),	unhex('ffffffffffffffffffffffffffffffff'), 'ar_SY',	'2017-12-14 15:25:59',	NULL),
  (unhex('badefc666c09416dac9612999d9e552a'),	unhex('ffffffffffffffffffffffffffffffff'), 'ur_IN',	'2017-12-14 15:25:59',	NULL),
  (unhex('aea666a53fef421c841f8663ab70d60c'),	unhex('ffffffffffffffffffffffffffffffff'), 'ur_PK',	'2017-12-14 15:25:59',	NULL),
  (unhex('f7808917b8434cb0940352f0ae214efc'),	unhex('ffffffffffffffffffffffffffffffff'), 'uz_AF',	'2017-12-14 15:25:59',	NULL),
  (unhex('2e185dcd51464b01a427f2f75173fd53'),	unhex('ffffffffffffffffffffffffffffffff'), 'uz_UZ',	'2017-12-14 15:25:59',	NULL),
  (unhex('f1dcfb019cd6488fbd8070b27d7e8603'),	unhex('ffffffffffffffffffffffffffffffff'), 've_ZA',	'2017-12-14 15:25:59',	NULL),
  (unhex('fadcb90700114c5993557f4bb2d92460'),	unhex('ffffffffffffffffffffffffffffffff'), 'vi_VN',	'2017-12-14 15:25:59',	NULL),
  (unhex('9ec94e6352224de0852a140f28c75703'),	unhex('ffffffffffffffffffffffffffffffff'), 'wal_ET',	'2017-12-14 15:25:59',	NULL),
  (unhex('20973ea73a4546cfa43791da4eb8c426'),	unhex('ffffffffffffffffffffffffffffffff'), 'wo_SN',	'2017-12-14 15:25:59',	NULL),
  (unhex('4bae11ce4ec6469786f2af4b63f94f23'),	unhex('ffffffffffffffffffffffffffffffff'), 'xh_ZA',	'2017-12-14 15:25:59',	NULL),
  (unhex('85e4907739bd4ddcb2c777b41fa20f75'),	unhex('ffffffffffffffffffffffffffffffff'), 'yo_NG',	'2017-12-14 15:25:59',	NULL),
  (unhex('791f15a62602420098562d29ab61eba8'),	unhex('ffffffffffffffffffffffffffffffff'), 'ar_TN',	'2017-12-14 15:25:59',	NULL),
  (unhex('35c3c4dfd3364da79f0620fe8520cd15'),	unhex('ffffffffffffffffffffffffffffffff'), 'zh_CN',	'2017-12-14 15:25:59',	NULL),
  (unhex('461fdc0e9b13488c82f1be3db9800c6e'),	unhex('ffffffffffffffffffffffffffffffff'), 'zh_HK',	'2017-12-14 15:25:59',	NULL),
  (unhex('9120da7b2cfa4c03b97b1754744e0368'),	unhex('ffffffffffffffffffffffffffffffff'), 'zh_MO',	'2017-12-14 15:25:59',	NULL),
  (unhex('abc3064384fc4f7fa63655d106bf0955'),	unhex('ffffffffffffffffffffffffffffffff'), 'zh_SG',	'2017-12-14 15:25:59',	NULL),
  (unhex('26aa2725d80049cba131fa03f9c492b3'),	unhex('ffffffffffffffffffffffffffffffff'), 'zh_TW',	'2017-12-14 15:25:59',	NULL),
  (unhex('8a4821d8256b490ca29739982b802045'),	unhex('ffffffffffffffffffffffffffffffff'), 'zu_ZA',	'2017-12-14 15:25:59',	NULL),
  (unhex('4ce60695909f4dc6ad199090fdcf95a1'),	unhex('ffffffffffffffffffffffffffffffff'), 'ar_YE',	'2017-12-14 15:25:59',	NULL),
  (unhex('15639dadd83b4c9e869a620002fa1a7a'),	unhex('ffffffffffffffffffffffffffffffff'), 'as_IN',	'2017-12-14 15:25:59',	NULL),
  (unhex('65afa499a81b419bbb8b7b16fcfb12d2'),	unhex('ffffffffffffffffffffffffffffffff'), 'az_AZ',	'2017-12-14 15:25:59',	NULL),
  (unhex('858714b28c3246ad86601aa08b5debc0'),	unhex('ffffffffffffffffffffffffffffffff'), 'be_BY',	'2017-12-14 15:25:59',	NULL),
  (unhex('787d38ec5e244647bf69b84e2f212808'),	unhex('ffffffffffffffffffffffffffffffff'), 'aa_DJ',	'2017-12-14 15:25:59',	NULL),
  (unhex('4cec18e4bc55407aa9591990f74fd61b'),	unhex('ffffffffffffffffffffffffffffffff'), 'bg_BG',	'2017-12-14 15:25:59',	NULL),
  (unhex('4b4b461cd4f94f0cb9c854382c70cea8'),	unhex('ffffffffffffffffffffffffffffffff'), 'bn_BD',	'2017-12-14 15:25:59',	NULL),
  (unhex('038dec2102a9445bb66eb09b4e5a2c1f'),	unhex('ffffffffffffffffffffffffffffffff'), 'bn_IN',	'2017-12-14 15:25:59',	NULL),
  (unhex('71b367341e7d4f6d9a2412b8d9819144'),	unhex('ffffffffffffffffffffffffffffffff'), 'bo_CN',	'2017-12-14 15:25:59',	NULL),
  (unhex('22051084ae324ab5ad29f5051efcd4d5'),	unhex('ffffffffffffffffffffffffffffffff'), 'bo_IN',	'2017-12-14 15:25:59',	NULL),
  (unhex('3250c52a1b7b4837822c6842d73c535c'),	unhex('ffffffffffffffffffffffffffffffff'), 'bs_BA',	'2017-12-14 15:25:59',	NULL),
  (unhex('46a7926775cf48c786eef6dd395b4880'),	unhex('ffffffffffffffffffffffffffffffff'), 'byn_ER',	'2017-12-14 15:25:59',	NULL),
  (unhex('264644c5881a422eace9fe65b386c3f9'),	unhex('ffffffffffffffffffffffffffffffff'), 'ca_ES',	'2017-12-14 15:25:59',	NULL),
  (unhex('d6a597ef9fe64d33b4975088dba06fc1'),	unhex('ffffffffffffffffffffffffffffffff'), 'cch_NG',	'2017-12-14 15:25:59',	NULL),
  (unhex('e505cf030ff94f4da119bf7af95e015d'),	unhex('ffffffffffffffffffffffffffffffff'), 'cs_CZ',	'2017-12-14 15:25:59',	NULL),
  (unhex('2ec6cb588ad0480ea7441bbc992bcdfc'),	unhex('ffffffffffffffffffffffffffffffff'), 'aa_ER',	'2017-12-14 15:25:59',	NULL),
  (unhex('cc16afc51e894a4e83dffe15c932c441'),	unhex('ffffffffffffffffffffffffffffffff'), 'cy_GB',	'2017-12-14 15:25:59',	NULL),
  (unhex('509200ddb457437ba16b24c369f2bb82'),	unhex('ffffffffffffffffffffffffffffffff'), 'da_DK',	'2017-12-14 15:25:59',	NULL),
  (unhex('fc7b7266f656477e9a15ae23de8b0523'),	unhex('ffffffffffffffffffffffffffffffff'), 'de_AT',	'2017-12-14 15:25:59',	NULL),
  (unhex('3dba282b2ae84d5ba360de0ddc480d1c'),	unhex('ffffffffffffffffffffffffffffffff'), 'de_BE',	'2017-12-14 15:25:59',	NULL),
  (unhex('e17810ef31cb48b88ce871f3a03e1025'),	unhex('ffffffffffffffffffffffffffffffff'), 'de_CH',	'2017-12-14 15:25:59',	NULL),
  (unhex('7c7f6c130b89474bb41b460e03a70440'),	unhex('ffffffffffffffffffffffffffffffff'), 'de_LI',	'2017-12-14 15:25:59',	NULL),
  (unhex('ef5e0be1b1144e0a8688875a032a5f21'),	unhex('ffffffffffffffffffffffffffffffff'), 'de_LU',	'2017-12-14 15:25:59',	NULL),
  (unhex('655478c87d3f496abfacd50eb1b48d43'),	unhex('ffffffffffffffffffffffffffffffff'), 'dv_MV',	'2017-12-14 15:25:59',	NULL),
  (unhex('43741e431644414b8dc95ad61755b992'),	unhex('ffffffffffffffffffffffffffffffff'), 'dz_BT',	'2017-12-14 15:25:59',	NULL),
  (unhex('0acb980d8d3a412cbf00842fb340feb5'),	unhex('ffffffffffffffffffffffffffffffff'), 'ee_GH',	'2017-12-14 15:25:59',	NULL),
  (unhex('e42c0c780921432b97edc5d513980b21'),	unhex('ffffffffffffffffffffffffffffffff'), 'aa_ET',	'2017-12-14 15:25:59',	NULL),
  (unhex('a1e7965325834edeb20307bf390b8da1'),	unhex('ffffffffffffffffffffffffffffffff'), 'ee_TG',	'2017-12-14 15:25:59',	NULL),
  (unhex('67d9636c67614673bd8d265d295d194c'),	unhex('ffffffffffffffffffffffffffffffff'), 'el_CY',	'2017-12-14 15:25:59',	NULL),
  (unhex('6961054faeb74e4f8851a1dfb8cb193b'),	unhex('ffffffffffffffffffffffffffffffff'), 'el_GR',	'2017-12-14 15:25:59',	NULL),
  (unhex('318d2533eb03461b88fda25c9a02653b'),	unhex('ffffffffffffffffffffffffffffffff'), 'en_AS',	'2017-12-14 15:25:59',	NULL),
  (unhex('8e91d9b70b704eccbc14202ba5c4882e'),	unhex('ffffffffffffffffffffffffffffffff'), 'en_AU',	'2017-12-14 15:25:59',	NULL),
  (unhex('d8f3a4d870384c25b4d02654ddad64fd'),	unhex('ffffffffffffffffffffffffffffffff'), 'en_BE',	'2017-12-14 15:25:59',	NULL),
  (unhex('3e4526223d714186be74d231352e5db3'),	unhex('ffffffffffffffffffffffffffffffff'), 'en_BW',	'2017-12-14 15:25:59',	NULL),
  (unhex('c97a13c07c4147338426d1131eab69e9'),	unhex('ffffffffffffffffffffffffffffffff'), 'en_BZ',	'2017-12-14 15:25:59',	NULL),
  (unhex('6590ee8662f845e08b727f7aeec84831'),	unhex('ffffffffffffffffffffffffffffffff'), 'en_CA',	'2017-12-14 15:25:59',	NULL),
  (unhex('77fc5f00b6d146d98cc40aff79eb5c00'),	unhex('ffffffffffffffffffffffffffffffff'), 'en_GU',	'2017-12-14 15:25:59',	NULL),
  (unhex('801202f021334cf1b93cb0113b5d11d3'),	unhex('ffffffffffffffffffffffffffffffff'), 'af_NA',	'2017-12-14 15:25:59',	NULL),
  (unhex('abf8604e9b384f0689d848e011fa0241'),	unhex('ffffffffffffffffffffffffffffffff'), 'en_HK',	'2017-12-14 15:25:59',	NULL),
  (unhex('220b605583914529bcc82683f75045d3'),	unhex('ffffffffffffffffffffffffffffffff'), 'en_IE',	'2017-12-14 15:25:59',	NULL),
  (unhex('51aafd199c7c4eb09b43f91c596865e1'),	unhex('ffffffffffffffffffffffffffffffff'), 'en_IN',	'2017-12-14 15:25:59',	NULL),
  (unhex('92b7f309a62b411883f5a5ce89843ba8'),	unhex('ffffffffffffffffffffffffffffffff'), 'en_JM',	'2017-12-14 15:25:59',	NULL),
  (unhex('db559634117743aaba2c907150ac7064'),	unhex('ffffffffffffffffffffffffffffffff'), 'en_MH',	'2017-12-14 15:25:59',	NULL),
  (unhex('b694a0f7dc654a96b940614a7fc1b3f6'),	unhex('ffffffffffffffffffffffffffffffff'), 'en_MP',	'2017-12-14 15:25:59',	NULL),
  (unhex('0ee0a1df025249538c1f1a391fb99a3d'),	unhex('ffffffffffffffffffffffffffffffff'), 'en_MT',	'2017-12-14 15:25:59',	NULL),
  (unhex('6ab8dc296338438fbd7d4fd13406f5e9'),	unhex('ffffffffffffffffffffffffffffffff'), 'en_NA',	'2017-12-14 15:25:59',	NULL),
  (unhex('776f28188e434088872010a771e67408'),	unhex('ffffffffffffffffffffffffffffffff'), 'en_NZ',	'2017-12-14 15:25:59',	NULL),
  (unhex('5af0fd645e5c42eebc08446be0c9f137'),	unhex('ffffffffffffffffffffffffffffffff'), 'en_PH',	'2017-12-14 15:25:59',	NULL),
  (unhex('b68eb5f561924a5fbe6200e844469222'),	unhex('ffffffffffffffffffffffffffffffff'), 'af_ZA',	'2017-12-14 15:25:59',	NULL),
  (unhex('1a9f4bb15ea142ec93409b48204326d5'),	unhex('ffffffffffffffffffffffffffffffff'), 'en_PK',	'2017-12-14 15:25:59',	NULL),
  (unhex('accdb020676044618d7ed9025a5fb26f'),	unhex('ffffffffffffffffffffffffffffffff'), 'en_SG',	'2017-12-14 15:25:59',	NULL),
  (unhex('32c59129d3f84200ab479eaccd5a3377'),	unhex('ffffffffffffffffffffffffffffffff'), 'en_TT',	'2017-12-14 15:25:59',	NULL),
  (unhex('a5d76921c82d415e88d76670fd6ae8dd'),	unhex('ffffffffffffffffffffffffffffffff'), 'en_UM',	'2017-12-14 15:25:59',	NULL),
  (unhex('d36a2c5d1f404f6f90572993897c2824'),	unhex('ffffffffffffffffffffffffffffffff'), 'en_US',	'2017-12-14 15:25:59',	NULL),
  (unhex('e1bb080073ee4095b11cf2b414c168d9'),	unhex('ffffffffffffffffffffffffffffffff'), 'en_VI',	'2017-12-14 15:25:59',	NULL),
  (unhex('e3cf90b4f4b0457195a4fa078e822037'),	unhex('ffffffffffffffffffffffffffffffff'), 'en_ZA',	'2017-12-14 15:25:59',	NULL),
  (unhex('0eb28971b99d44d9b9cb37f713a8bd92'),	unhex('ffffffffffffffffffffffffffffffff'), 'en_ZW',	'2017-12-14 15:25:59',	NULL),
  (unhex('230d5978efda488ea80c69ce22afd008'),	unhex('ffffffffffffffffffffffffffffffff'), 'es_AR',	'2017-12-14 15:25:59',	NULL),
  (unhex('19a1b1874011459d9cac0868534ad2a5'),	unhex('ffffffffffffffffffffffffffffffff'), 'es_BO',	'2017-12-14 15:25:59',	NULL),
  (unhex('2b50e52772b54d65a605a90417e234a4'),	unhex('ffffffffffffffffffffffffffffffff'), 'ak_GH',	'2017-12-14 15:25:59',	NULL),
  (unhex('72039519ada248eca6f066969a03717c'),	unhex('ffffffffffffffffffffffffffffffff'), 'es_CL',	'2017-12-14 15:25:59',	NULL),
  (unhex('16059d9b9ae04854846025397e687de1'),	unhex('ffffffffffffffffffffffffffffffff'), 'es_CO',	'2017-12-14 15:25:59',	NULL),
  (unhex('174969081e324959943afa829f9a2ea5'),	unhex('ffffffffffffffffffffffffffffffff'), 'es_CR',	'2017-12-14 15:25:59',	NULL),
  (unhex('5087c8b0da5f41e79604be3e0c081918'),	unhex('ffffffffffffffffffffffffffffffff'), 'es_DO',	'2017-12-14 15:25:59',	NULL),
  (unhex('b85ae453fcd94734971dfe4fc8becffb'),	unhex('ffffffffffffffffffffffffffffffff'), 'es_EC',	'2017-12-14 15:25:59',	NULL),
  (unhex('ee2edb8fbbbe4402b6f7bb6b29f24494'),	unhex('ffffffffffffffffffffffffffffffff'), 'es_ES',	'2017-12-14 15:25:59',	NULL),
  (unhex('5de1d1620301481fb3125118db4b3cca'),	unhex('ffffffffffffffffffffffffffffffff'), 'es_GT',	'2017-12-14 15:25:59',	NULL),
  (unhex('5d1b33e545ff4d3bbe68268bf288fe99'),	unhex('ffffffffffffffffffffffffffffffff'), 'es_HN',	'2017-12-14 15:25:59',	NULL),
  (unhex('4771c56731fb4fa8901a895af1fab756'),	unhex('ffffffffffffffffffffffffffffffff'), 'es_MX',	'2017-12-14 15:25:59',	NULL),
  (unhex('16930d551d6548a4b6a79f156b90b4ca'),	unhex('ffffffffffffffffffffffffffffffff'), 'es_NI',	'2017-12-14 15:25:59',	NULL),
  (unhex('3569183cd45f4b459c4e1bcb0936b258'),	unhex('ffffffffffffffffffffffffffffffff'), 'am_ET',	'2017-12-14 15:25:59',	NULL),
  (unhex('b47ee4c5e52e4302922de64dc70be679'),	unhex('ffffffffffffffffffffffffffffffff'), 'es_PA',	'2017-12-14 15:25:59',	NULL),
  (unhex('bf30d531acf94ba7b21bb328a793bccf'),	unhex('ffffffffffffffffffffffffffffffff'), 'es_PE',	'2017-12-14 15:25:59',	NULL),
  (unhex('15a76fb0e3c140b98a522368fb480097'),	unhex('ffffffffffffffffffffffffffffffff'), 'es_PR',	'2017-12-14 15:25:59',	NULL),
  (unhex('546d97038eaf437eb110a6af780f4d2d'),	unhex('ffffffffffffffffffffffffffffffff'), 'es_PY',	'2017-12-14 15:25:59',	NULL),
  (unhex('b027d25dc8534bb089c197efc46c952c'),	unhex('ffffffffffffffffffffffffffffffff'), 'es_SV',	'2017-12-14 15:25:59',	NULL),
  (unhex('2a3cbc5da5c64f2fb216c4687211cc9d'),	unhex('ffffffffffffffffffffffffffffffff'), 'es_US',	'2017-12-14 15:25:59',	NULL),
  (unhex('249e48390244447ba89570f5af0baef4'),	unhex('ffffffffffffffffffffffffffffffff'), 'es_UY',	'2017-12-14 15:25:59',	NULL),
  (unhex('8a368fb88b1947b78ed13db81210a5b8'),	unhex('ffffffffffffffffffffffffffffffff'), 'es_VE',	'2017-12-14 15:25:59',	NULL),
  (unhex('dc0f93ca81814f36bbf3446b78b3d27d'),	unhex('ffffffffffffffffffffffffffffffff'), 'et_EE',	'2017-12-14 15:25:59',	NULL),
  (unhex('31996fe03e604296827c0de7ae910245'),	unhex('ffffffffffffffffffffffffffffffff'), 'eu_ES',	'2017-12-14 15:25:59',	NULL);

INSERT INTO `locale_translation` (`locale_id`, `version_id`, `language_id`, `name`, `territory`) VALUES
  (unhex('7b52d9dd2b0640ec90be9f57edf29be7'),	unhex('ffffffffffffffffffffffffffffffff'), unhex('ffffffffffffffffffffffffffffffff'), 'Deutsch',	'Deutschland'),
  (unhex('6468611c0f774305a5ca265cb8b6adbb'),	unhex('ffffffffffffffffffffffffffffffff'), unhex('ffffffffffffffffffffffffffffffff'), 'Arabisch',	'Vereinigte Arabische Emirate'),
  (unhex('ab09518a825942fbaaaf9e5951ae9113'),	unhex('ffffffffffffffffffffffffffffffff'), unhex('ffffffffffffffffffffffffffffffff'), 'Persisch',	'Afghanistan'),
  (unhex('1967fd0bde6644b2b6132b5694a19ecb'),	unhex('ffffffffffffffffffffffffffffffff'), unhex('ffffffffffffffffffffffffffffffff'), 'Persisch',	'Iran'),
  (unhex('6b3fd72c2d77470a9842c41a63b27fd9'),	unhex('ffffffffffffffffffffffffffffffff'), unhex('ffffffffffffffffffffffffffffffff'), 'Finnisch',	'Finnland'),
  (unhex('1f5092adda8940ae83d888c293e6c5e8'),	unhex('ffffffffffffffffffffffffffffffff'), unhex('ffffffffffffffffffffffffffffffff'), 'Filipino',	'Philippinen'),
  (unhex('c6dfbe7cf0044de499c676f939061572'),	unhex('ffffffffffffffffffffffffffffffff'), unhex('ffffffffffffffffffffffffffffffff'), 'Färöisch',	'Färöer'),
  (unhex('458029c478cf4de48cb1929af6b49f56'),	unhex('ffffffffffffffffffffffffffffffff'), unhex('ffffffffffffffffffffffffffffffff'), 'Französisch',	'Belgien'),
  (unhex('c9633f6c797f4344bfcdb9277fc0dcca'),	unhex('ffffffffffffffffffffffffffffffff'), unhex('ffffffffffffffffffffffffffffffff'), 'Französisch',	'Kanada'),
  (unhex('71f184e6fb914693842db2d2008aadf2'),	unhex('ffffffffffffffffffffffffffffffff'), unhex('ffffffffffffffffffffffffffffffff'), 'Französisch',	'Schweiz'),
  (unhex('03fb597a642b447c97dfd3e1ebe3a8d4'),	unhex('ffffffffffffffffffffffffffffffff'), unhex('ffffffffffffffffffffffffffffffff'), 'Französisch',	'Frankreich'),
  (unhex('7d0baf560b994fe18b7023674722bebb'),	unhex('ffffffffffffffffffffffffffffffff'), unhex('ffffffffffffffffffffffffffffffff'), 'Französisch',	'Luxemburg'),
  (unhex('1a166699bd364015aa872387d3770f84'),	unhex('ffffffffffffffffffffffffffffffff'), unhex('ffffffffffffffffffffffffffffffff'), 'Arabisch',	'Bahrain'),
  (unhex('8285eb7a14da48ceb7374eb4f16570f7'),	unhex('ffffffffffffffffffffffffffffffff'), unhex('ffffffffffffffffffffffffffffffff'), 'Französisch',	'Monaco'),
  (unhex('e78ac901fd9b4ed18bf28caaa77ee74b'),	unhex('ffffffffffffffffffffffffffffffff'), unhex('ffffffffffffffffffffffffffffffff'), 'Französisch',	'Senegal'),
  (unhex('a900012c8a81473aa7c8653a5c80f509'),	unhex('ffffffffffffffffffffffffffffffff'), unhex('ffffffffffffffffffffffffffffffff'), 'Friulisch',	'Italien'),
  (unhex('ccf55a76d7684b1f80dd7eb208c8ab25'),	unhex('ffffffffffffffffffffffffffffffff'), unhex('ffffffffffffffffffffffffffffffff'), 'Irisch',	'Irland'),
  (unhex('cb5a4a5de2214e9f909692f36a1a10de'),	unhex('ffffffffffffffffffffffffffffffff'), unhex('ffffffffffffffffffffffffffffffff'), 'Ga-Sprache',	'Ghana'),
  (unhex('91baad7dd12342a98f06079925271f0d'),	unhex('ffffffffffffffffffffffffffffffff'), unhex('ffffffffffffffffffffffffffffffff'), 'Geez',	'Eritrea'),
  (unhex('d9c9e0a82cfb42a5a253775436ad106c'),	unhex('ffffffffffffffffffffffffffffffff'), unhex('ffffffffffffffffffffffffffffffff'), 'Geez',	'Äthiopien'),
  (unhex('275ee5ab76d84257ab6d4496c5e4e838'),	unhex('ffffffffffffffffffffffffffffffff'), unhex('ffffffffffffffffffffffffffffffff'), 'Galizisch',	'Spanien'),
  (unhex('2ffe9f822c2442658eb1b6aad9ded850'),	unhex('ffffffffffffffffffffffffffffffff'), unhex('ffffffffffffffffffffffffffffffff'), 'Schweizerdeutsch',	'Schweiz'),
  (unhex('43abaa4456e0485ab5baafd39ef2fbc4'),	unhex('ffffffffffffffffffffffffffffffff'), unhex('ffffffffffffffffffffffffffffffff'), 'Gujarati',	'Indien'),
  (unhex('a4b7b6e6b9db4395b2279eaeb9065a08'),	unhex('ffffffffffffffffffffffffffffffff'), unhex('ffffffffffffffffffffffffffffffff'), 'Arabisch',	'Algerien'),
  (unhex('13de79afcfe041038052505cac84a3d6'),	unhex('ffffffffffffffffffffffffffffffff'), unhex('ffffffffffffffffffffffffffffffff'), 'Manx',	'Vereinigtes Königreich'),
  (unhex('ecd617039ffd42f4b2adafb0a1b93ca7'),	unhex('ffffffffffffffffffffffffffffffff'), unhex('ffffffffffffffffffffffffffffffff'), 'Hausa',	'Ghana'),
  (unhex('8c89cb4663e14855bc03dfdda8f99169'),	unhex('ffffffffffffffffffffffffffffffff'), unhex('ffffffffffffffffffffffffffffffff'), 'Hausa',	'Niger'),
  (unhex('0ea82a89f6aa4c91b54323103c488bce'),	unhex('ffffffffffffffffffffffffffffffff'), unhex('ffffffffffffffffffffffffffffffff'), 'Hausa',	'Nigeria'),
  (unhex('08492d3423e14114b4a8353787749308'),	unhex('ffffffffffffffffffffffffffffffff'), unhex('ffffffffffffffffffffffffffffffff'), 'Hausa',	'Sudan'),
  (unhex('5292a212064345a298faa3b0e8499c0e'),	unhex('ffffffffffffffffffffffffffffffff'), unhex('ffffffffffffffffffffffffffffffff'), 'Hawaiisch',	'Vereinigte Staaten'),
  (unhex('d3ec559bcbb34c619b1d566018013309'),	unhex('ffffffffffffffffffffffffffffffff'), unhex('ffffffffffffffffffffffffffffffff'), 'Hebräisch',	'Israel'),
  (unhex('bb8eb40270f8470c93f1b75f3fd0a7eb'),	unhex('ffffffffffffffffffffffffffffffff'), unhex('ffffffffffffffffffffffffffffffff'), 'Hindi',	'Indien'),
  (unhex('31386b509e804455b3ec26e6c28f19fc'),	unhex('ffffffffffffffffffffffffffffffff'), unhex('ffffffffffffffffffffffffffffffff'), 'Kroatisch',	'Kroatien'),
  (unhex('80b31abf23444673b7fdb0084fbc010e'),	unhex('ffffffffffffffffffffffffffffffff'), unhex('ffffffffffffffffffffffffffffffff'), 'Ungarisch',	'Ungarn'),
  (unhex('2733adcf5eb94e3f9a31412f7a1294fa'),	unhex('ffffffffffffffffffffffffffffffff'), unhex('ffffffffffffffffffffffffffffffff'), 'Arabisch',	'Ägypten'),
  (unhex('6d3b2f751f364279979739bd2bd6b59e'),	unhex('ffffffffffffffffffffffffffffffff'), unhex('ffffffffffffffffffffffffffffffff'), 'Armenisch',	'Armenien'),
  (unhex('2324485b21814b46ae0033dd3baef55c'),	unhex('ffffffffffffffffffffffffffffffff'), unhex('ffffffffffffffffffffffffffffffff'), 'Indonesisch',	'Indonesien'),
  (unhex('a6a5691372fa4c7a9ab14148bea51272'),	unhex('ffffffffffffffffffffffffffffffff'), unhex('ffffffffffffffffffffffffffffffff'), 'Igbo-Sprache',	'Nigeria'),
  (unhex('a930a9c1d5504a299e177d62e07e6b13'),	unhex('ffffffffffffffffffffffffffffffff'), unhex('ffffffffffffffffffffffffffffffff'), 'Sichuan Yi',	'China'),
  (unhex('c626598c2e644640ad5282c854f37983'),	unhex('ffffffffffffffffffffffffffffffff'), unhex('ffffffffffffffffffffffffffffffff'), 'Isländisch',	'Island'),
  (unhex('4ccedb86c20d47bd8ff3e2b0e1154a9b'),	unhex('ffffffffffffffffffffffffffffffff'), unhex('ffffffffffffffffffffffffffffffff'), 'Italienisch',	'Schweiz'),
  (unhex('7d105b4275cb4b3d963bfc85d41402d4'),	unhex('ffffffffffffffffffffffffffffffff'), unhex('ffffffffffffffffffffffffffffffff'), 'Italienisch',	'Italien'),
  (unhex('aada3192db9b45229aef91fc1b787a27'),	unhex('ffffffffffffffffffffffffffffffff'), unhex('ffffffffffffffffffffffffffffffff'), 'Japanisch',	'Japan'),
  (unhex('6690c11d573945a3a41ea5e87d5a31a4'),	unhex('ffffffffffffffffffffffffffffffff'), unhex('ffffffffffffffffffffffffffffffff'), 'Georgisch',	'Georgien'),
  (unhex('f3b31a636ee6471788ecb948b31cedf8'),	unhex('ffffffffffffffffffffffffffffffff'), unhex('ffffffffffffffffffffffffffffffff'), 'Jju',	'Nigeria'),
  (unhex('7dc700a676164b4083b11b725052e6e1'),	unhex('ffffffffffffffffffffffffffffffff'), unhex('ffffffffffffffffffffffffffffffff'), 'Arabisch',	'Irak'),
  (unhex('67dcdde95f3f4b319ab97f499f4adeb6'),	unhex('ffffffffffffffffffffffffffffffff'), unhex('ffffffffffffffffffffffffffffffff'), 'Kamba',	'Kenia'),
  (unhex('b36c66efaadb4b938cc231a8209fbb11'),	unhex('ffffffffffffffffffffffffffffffff'), unhex('ffffffffffffffffffffffffffffffff'), 'Tyap',	'Nigeria'),
  (unhex('f4aa1ab8ff424d1d8505fcc19486547f'),	unhex('ffffffffffffffffffffffffffffffff'), unhex('ffffffffffffffffffffffffffffffff'), 'Koro',	'Côte d?Ivoire'),
  (unhex('f2459a5f6a8443faa55978bfdf8eadbe'),	unhex('ffffffffffffffffffffffffffffffff'), unhex('ffffffffffffffffffffffffffffffff'), 'Kasachisch',	'Kasachstan'),
  (unhex('bb6a8d38a10844df9ae0694455f24f99'),	unhex('ffffffffffffffffffffffffffffffff'), unhex('ffffffffffffffffffffffffffffffff'), 'Grönländisch',	'Grönland'),
  (unhex('ab695a27f6db46ba972f81eb2a0cea70'),	unhex('ffffffffffffffffffffffffffffffff'), unhex('ffffffffffffffffffffffffffffffff'), 'Kambodschanisch',	'Kambodscha'),
  (unhex('b7327288b3ac4972aae10266d1f2eaed'),	unhex('ffffffffffffffffffffffffffffffff'), unhex('ffffffffffffffffffffffffffffffff'), 'Kannada',	'Indien'),
  (unhex('29f5dd91d20c4f8796430babdb158cd3'),	unhex('ffffffffffffffffffffffffffffffff'), unhex('ffffffffffffffffffffffffffffffff'), 'Koreanisch',	'Republik Korea'),
  (unhex('b835923ea44c43608b20dc65cd9a67b9'),	unhex('ffffffffffffffffffffffffffffffff'), unhex('ffffffffffffffffffffffffffffffff'), 'Konkani',	'Indien'),
  (unhex('f9dbc88d5e314a8da93e5ab1c128f22c'),	unhex('ffffffffffffffffffffffffffffffff'), unhex('ffffffffffffffffffffffffffffffff'), 'Kpelle-Sprache',	'Guinea'),
  (unhex('25273dd0e22a4bb68bf443b0c2ee1ce3'),	unhex('ffffffffffffffffffffffffffffffff'), unhex('ffffffffffffffffffffffffffffffff'), 'Arabisch',	'Jordanien'),
  (unhex('63f1958f860e44f3b15acef13941063b'),	unhex('ffffffffffffffffffffffffffffffff'), unhex('ffffffffffffffffffffffffffffffff'), 'Kpelle-Sprache',	'Liberia'),
  (unhex('8d02182d344e4d6582d3f8f0a40c1ec1'),	unhex('ffffffffffffffffffffffffffffffff'), unhex('ffffffffffffffffffffffffffffffff'), 'Kurdisch',	'Irak'),
  (unhex('33a84a106ab5490da59cb498f9585418'),	unhex('ffffffffffffffffffffffffffffffff'), unhex('ffffffffffffffffffffffffffffffff'), 'Kurdisch',	'Iran'),
  (unhex('b25c0d582e3d49e596a56098b058806e'),	unhex('ffffffffffffffffffffffffffffffff'), unhex('ffffffffffffffffffffffffffffffff'), 'Kurdisch',	'Syrien'),
  (unhex('11d92697b6ed40029b201425228ef593'),	unhex('ffffffffffffffffffffffffffffffff'), unhex('ffffffffffffffffffffffffffffffff'), 'Kurdisch',	'Türkei'),
  (unhex('d5b5f6f1375748e6869550dac50534f7'),	unhex('ffffffffffffffffffffffffffffffff'), unhex('ffffffffffffffffffffffffffffffff'), 'Kornisch',	'Vereinigtes Königreich'),
  (unhex('ab6e568562af4e2e9f2b2dbe05b741fe'),	unhex('ffffffffffffffffffffffffffffffff'), unhex('ffffffffffffffffffffffffffffffff'), 'Kirgisisch',	'Kirgisistan'),
  (unhex('749023fbd35b4d3bbf6066564e50f5d1'),	unhex('ffffffffffffffffffffffffffffffff'), unhex('ffffffffffffffffffffffffffffffff'), 'Lingala',	'Demokratische Republik Kongo'),
  (unhex('c821fbb406cd42869497e3285dda6e11'),	unhex('ffffffffffffffffffffffffffffffff'), unhex('ffffffffffffffffffffffffffffffff'), 'Lingala',	'Kongo'),
  (unhex('70620c7ba8c2449d999b5df6c17d145d'),	unhex('ffffffffffffffffffffffffffffffff'), unhex('ffffffffffffffffffffffffffffffff'), 'Laotisch',	'Laos'),
  (unhex('540ce4a983ad40afbaf5dbcd4666d550'),	unhex('ffffffffffffffffffffffffffffffff'), unhex('ffffffffffffffffffffffffffffffff'), 'Arabisch',	'Kuwait'),
  (unhex('63fe474d18844e18953710718c520179'),	unhex('ffffffffffffffffffffffffffffffff'), unhex('ffffffffffffffffffffffffffffffff'), 'Litauisch',	'Litauen'),
  (unhex('6a2b312b5d6b4c749c1abdc7ddfc2e4f'),	unhex('ffffffffffffffffffffffffffffffff'), unhex('ffffffffffffffffffffffffffffffff'), 'Lettisch',	'Lettland'),
  (unhex('d7e7c2749a504a58b21f8453ba6272ff'),	unhex('ffffffffffffffffffffffffffffffff'), unhex('ffffffffffffffffffffffffffffffff'), 'Mazedonisch',	'Mazedonien'),
  (unhex('c2bdf6f4df364955bfd154905d9165af'),	unhex('ffffffffffffffffffffffffffffffff'), unhex('ffffffffffffffffffffffffffffffff'), 'Malayalam',	'Indien'),
  (unhex('00b4688f65684f5ba8e63bfbc3857ea7'),	unhex('ffffffffffffffffffffffffffffffff'), unhex('ffffffffffffffffffffffffffffffff'), 'Mongolisch',	'China'),
  (unhex('72b837bbd7294f95bcdbddb7c1495be5'),	unhex('ffffffffffffffffffffffffffffffff'), unhex('ffffffffffffffffffffffffffffffff'), 'Mongolisch',	'Mongolei'),
  (unhex('21599099cdbf4e77b989644a2b8ac91e'),	unhex('ffffffffffffffffffffffffffffffff'), unhex('ffffffffffffffffffffffffffffffff'), 'Marathi',	'Indien'),
  (unhex('9aa4a88f3a42428195f8f1ea73cb382c'),	unhex('ffffffffffffffffffffffffffffffff'), unhex('ffffffffffffffffffffffffffffffff'), 'Malaiisch',	'Brunei Darussalam'),
  (unhex('18a299dd77fb4c8ebe64cf86c225097b'),	unhex('ffffffffffffffffffffffffffffffff'), unhex('ffffffffffffffffffffffffffffffff'), 'Malaiisch',	'Malaysia'),
  (unhex('68ae4f7d86b34db5a36aeeb1607e1b32'),	unhex('ffffffffffffffffffffffffffffffff'), unhex('ffffffffffffffffffffffffffffffff'), 'Maltesisch',	'Malta'),
  (unhex('3537ff61bda24a14b2e41b3ba15a1c9c'),	unhex('ffffffffffffffffffffffffffffffff'), unhex('ffffffffffffffffffffffffffffffff'), 'Arabisch',	'Libanon'),
  (unhex('cd1d85afab5a4043ac924234328289e3'),	unhex('ffffffffffffffffffffffffffffffff'), unhex('ffffffffffffffffffffffffffffffff'), 'Birmanisch',	'Myanmar'),
  (unhex('3cf32749d80748929ee532d55aed7808'),	unhex('ffffffffffffffffffffffffffffffff'), unhex('ffffffffffffffffffffffffffffffff'), 'Norwegisch Bokmål',	'Norwegen'),
  (unhex('a54446981bd14281bb943208b2d4f0ac'),	unhex('ffffffffffffffffffffffffffffffff'), unhex('ffffffffffffffffffffffffffffffff'), 'Niederdeutsch',	'Deutschland'),
  (unhex('8b2763c98c554c5192c943d7755ee7da'),	unhex('ffffffffffffffffffffffffffffffff'), unhex('ffffffffffffffffffffffffffffffff'), 'Nepalesisch',	'Indien'),
  (unhex('90e4ae0d69614663a5b16a2708e55069'),	unhex('ffffffffffffffffffffffffffffffff'), unhex('ffffffffffffffffffffffffffffffff'), 'Nepalesisch',	'Nepal'),
  (unhex('57b8810893ff48229a9418967071ca53'),	unhex('ffffffffffffffffffffffffffffffff'), unhex('ffffffffffffffffffffffffffffffff'), 'Niederländisch',	'Belgien'),
  (unhex('d8d54f6228e34cb5b72ec9e966e1a119'),	unhex('ffffffffffffffffffffffffffffffff'), unhex('ffffffffffffffffffffffffffffffff'), 'Niederländisch',	'Niederlande'),
  (unhex('d3560278b19d4372a6e5c319ba04862f'),	unhex('ffffffffffffffffffffffffffffffff'), unhex('ffffffffffffffffffffffffffffffff'), 'Norwegisch Nynorsk',	'Norwegen'),
  (unhex('dab435705ee147b881a9226ea62c5ed9'),	unhex('ffffffffffffffffffffffffffffffff'), unhex('ffffffffffffffffffffffffffffffff'), 'Süd-Ndebele-Sprache',	'Südafrika'),
  (unhex('70885a2fe0d34ff8a3b60a8c67ada0b2'),	unhex('ffffffffffffffffffffffffffffffff'), unhex('ffffffffffffffffffffffffffffffff'), 'Nord-Sotho-Sprache',	'Südafrika'),
  (unhex('e3ba1499cee743ea9acf5a0fc854ee85'),	unhex('ffffffffffffffffffffffffffffffff'), unhex('ffffffffffffffffffffffffffffffff'), 'Arabisch',	'Libyen'),
  (unhex('5be608dfc5ba4cf9ae10981f828d238c'),	unhex('ffffffffffffffffffffffffffffffff'), unhex('ffffffffffffffffffffffffffffffff'), 'Nyanja-Sprache',	'Malawi'),
  (unhex('f672f4b2f8c044a2af9bad85e0a08a06'),	unhex('ffffffffffffffffffffffffffffffff'), unhex('ffffffffffffffffffffffffffffffff'), 'Okzitanisch',	'Frankreich'),
  (unhex('71ecafa13800482c88b4bc4a59d4e79e'),	unhex('ffffffffffffffffffffffffffffffff'), unhex('ffffffffffffffffffffffffffffffff'), 'Oromo',	'Äthiopien'),
  (unhex('eafb6d475a0048b3b1a684cabe482d28'),	unhex('ffffffffffffffffffffffffffffffff'), unhex('ffffffffffffffffffffffffffffffff'), 'Oromo',	'Kenia'),
  (unhex('84073771c77f41e0a03dcdcfc2282e5f'),	unhex('ffffffffffffffffffffffffffffffff'), unhex('ffffffffffffffffffffffffffffffff'), 'Orija',	'Indien'),
  (unhex('0bc4b51524984b7e9f8b1feec6b3c536'),	unhex('ffffffffffffffffffffffffffffffff'), unhex('ffffffffffffffffffffffffffffffff'), 'Pandschabisch',	'Indien'),
  (unhex('d03530f446a5421e97e2ff7b683366bf'),	unhex('ffffffffffffffffffffffffffffffff'), unhex('ffffffffffffffffffffffffffffffff'), 'Pandschabisch',	'Pakistan'),
  (unhex('5dd4b2ea860d49758cec35a35fe3ea54'),	unhex('ffffffffffffffffffffffffffffffff'), unhex('ffffffffffffffffffffffffffffffff'), 'Polnisch',	'Polen'),
  (unhex('966cce7d3b88483ba4d252959d8d0e6b'),	unhex('ffffffffffffffffffffffffffffffff'), unhex('ffffffffffffffffffffffffffffffff'), 'Paschtu',	'Afghanistan'),
  (unhex('7ffe65d6544648d2b45e1f18c52e487c'),	unhex('ffffffffffffffffffffffffffffffff'), unhex('ffffffffffffffffffffffffffffffff'), 'Portugiesisch',	'Brasilien'),
  (unhex('2f45f3a4995448a4a104dea99f6adf08'),	unhex('ffffffffffffffffffffffffffffffff'), unhex('ffffffffffffffffffffffffffffffff'), 'Arabisch',	'Marokko'),
  (unhex('366fddcf03e649bfa558745bc843b27c'),	unhex('ffffffffffffffffffffffffffffffff'), unhex('ffffffffffffffffffffffffffffffff'), 'Portugiesisch',	'Portugal'),
  (unhex('355a7dc3c5d643578d99780219a6a07e'),	unhex('ffffffffffffffffffffffffffffffff'), unhex('ffffffffffffffffffffffffffffffff'), 'Rumänisch',	'Republik Moldau'),
  (unhex('8622da119e2d4da78ad3a88562342303'),	unhex('ffffffffffffffffffffffffffffffff'), unhex('ffffffffffffffffffffffffffffffff'), 'Rumänisch',	'Rumänien'),
  (unhex('ba0f948780ec4c53b43941ebb6ccbb1a'),	unhex('ffffffffffffffffffffffffffffffff'), unhex('ffffffffffffffffffffffffffffffff'), 'Russisch',	'Russische Föderation'),
  (unhex('7709c4c442f44d60ac01e2b96875b7c0'),	unhex('ffffffffffffffffffffffffffffffff'), unhex('ffffffffffffffffffffffffffffffff'), 'Russisch',	'Ukraine'),
  (unhex('7985c433b7c64b12a018f150ab5a1529'),	unhex('ffffffffffffffffffffffffffffffff'), unhex('ffffffffffffffffffffffffffffffff'), 'Ruandisch',	'Ruanda'),
  (unhex('9ad7b91790724c61a82c3cfe93645bef'),	unhex('ffffffffffffffffffffffffffffffff'), unhex('ffffffffffffffffffffffffffffffff'), 'Sanskrit',	'Indien'),
  (unhex('cd0de34f766b498ca4dd46a2dd24bd35'),	unhex('ffffffffffffffffffffffffffffffff'), unhex('ffffffffffffffffffffffffffffffff'), 'Nord-Samisch',	'Finnland'),
  (unhex('dfa5457155eb49fea27943bf3dc2f48f'),	unhex('ffffffffffffffffffffffffffffffff'), unhex('ffffffffffffffffffffffffffffffff'), 'Nord-Samisch',	'Norwegen'),
  (unhex('b1c75da2bbf5417aaec82b58df7bea43'),	unhex('ffffffffffffffffffffffffffffffff'), unhex('ffffffffffffffffffffffffffffffff'), 'Serbo-Kroatisch',	'Bosnien und Herzegowina'),
  (unhex('2f3663edb7614308a60188c21c7963d5'),	unhex('ffffffffffffffffffffffffffffffff'), unhex('ffffffffffffffffffffffffffffffff'), 'Englisch',	'Vereinigtes Königreich'),
  (unhex('9aad0f2a1c424d98b81bcd3d2faf0bda'),	unhex('ffffffffffffffffffffffffffffffff'), unhex('ffffffffffffffffffffffffffffffff'), 'Arabisch',	'Oman'),
  (unhex('c84e91e448294fd5b910dabb754a0acf'),	unhex('ffffffffffffffffffffffffffffffff'), unhex('ffffffffffffffffffffffffffffffff'), 'Serbo-Kroatisch',	'Serbien und Montenegro'),
  (unhex('4f6abb958d76460c9581e4b3dcecbb8e'),	unhex('ffffffffffffffffffffffffffffffff'), unhex('ffffffffffffffffffffffffffffffff'), 'Serbo-Kroatisch',	''),
  (unhex('3b7b74f5f23e43598423ad00d9f0ca52'),	unhex('ffffffffffffffffffffffffffffffff'), unhex('ffffffffffffffffffffffffffffffff'), 'Singhalesisch',	'Sri Lanka'),
  (unhex('6be9c0f234644766a5051e0ab55e41ca'),	unhex('ffffffffffffffffffffffffffffffff'), unhex('ffffffffffffffffffffffffffffffff'), 'Sidamo',	'Äthiopien'),
  (unhex('1240bb005de546ef9e980b639e4c04a1'),	unhex('ffffffffffffffffffffffffffffffff'), unhex('ffffffffffffffffffffffffffffffff'), 'Slowakisch',	'Slowakei'),
  (unhex('1984f39fdb824558becc7d90cd868c7c'),	unhex('ffffffffffffffffffffffffffffffff'), unhex('ffffffffffffffffffffffffffffffff'), 'Slowenisch',	'Slowenien'),
  (unhex('ec6fd5e6be73407f84c1b0a180c802ae'),	unhex('ffffffffffffffffffffffffffffffff'), unhex('ffffffffffffffffffffffffffffffff'), 'Somali',	'Dschibuti'),
  (unhex('dd7c423eb77f4283af0b875ed524d214'),	unhex('ffffffffffffffffffffffffffffffff'), unhex('ffffffffffffffffffffffffffffffff'), 'Somali',	'Äthiopien'),
  (unhex('de211b3ea3774837b5cc81edbbfacfa4'),	unhex('ffffffffffffffffffffffffffffffff'), unhex('ffffffffffffffffffffffffffffffff'), 'Somali',	'Kenia'),
  (unhex('abd65e745a3048acb978793478926d68'),	unhex('ffffffffffffffffffffffffffffffff'), unhex('ffffffffffffffffffffffffffffffff'), 'Somali',	'Somalia'),
  (unhex('824dbd6cf5eb4e66bc346ed4dd4b7944'),	unhex('ffffffffffffffffffffffffffffffff'), unhex('ffffffffffffffffffffffffffffffff'), 'Arabisch',	'Katar'),
  (unhex('2cc7ebce3743499398cb5c6eb5cf9161'),	unhex('ffffffffffffffffffffffffffffffff'), unhex('ffffffffffffffffffffffffffffffff'), 'Albanisch',	'Albanien'),
  (unhex('340756898ba64b07b8dca201ff6686b7'),	unhex('ffffffffffffffffffffffffffffffff'), unhex('ffffffffffffffffffffffffffffffff'), 'Serbisch',	'Bosnien und Herzegowina'),
  (unhex('022b45ad03834454aa41959042aa6d83'),	unhex('ffffffffffffffffffffffffffffffff'), unhex('ffffffffffffffffffffffffffffffff'), 'Serbisch',	'Serbien und Montenegro'),
  (unhex('c0a25a5910364bd28d6bfa8f806e611d'),	unhex('ffffffffffffffffffffffffffffffff'), unhex('ffffffffffffffffffffffffffffffff'), 'Serbisch',	'Montenegro'),
  (unhex('d79faffcf4fd4f94b083e65e3e7fba1a'),	unhex('ffffffffffffffffffffffffffffffff'), unhex('ffffffffffffffffffffffffffffffff'), 'Serbisch',	'Serbien'),
  (unhex('ab1d6991c50c429095cf02ace40d8368'),	unhex('ffffffffffffffffffffffffffffffff'), unhex('ffffffffffffffffffffffffffffffff'), 'Serbisch',	''),
  (unhex('f76f5280d30c4d41bbdd6b52aa6bf9bd'),	unhex('ffffffffffffffffffffffffffffffff'), unhex('ffffffffffffffffffffffffffffffff'), 'Swazi',	'Swasiland'),
  (unhex('3bbcfcbe32a9424b95884fed18b84fd7'),	unhex('ffffffffffffffffffffffffffffffff'), unhex('ffffffffffffffffffffffffffffffff'), 'Swazi',	'Südafrika'),
  (unhex('6c46211170f2490791a532753578501c'),	unhex('ffffffffffffffffffffffffffffffff'), unhex('ffffffffffffffffffffffffffffffff'), 'Süd-Sotho-Sprache',	'Lesotho'),
  (unhex('e9033d791a794726b9f8674353f304d8'),	unhex('ffffffffffffffffffffffffffffffff'), unhex('ffffffffffffffffffffffffffffffff'), 'Süd-Sotho-Sprache',	'Südafrika'),
  (unhex('52a141d757ff4abca9fd8277a60962a9'),	unhex('ffffffffffffffffffffffffffffffff'), unhex('ffffffffffffffffffffffffffffffff'), 'Arabisch',	'Saudi-Arabien'),
  (unhex('33a1654a65e44739a16305c821453da4'),	unhex('ffffffffffffffffffffffffffffffff'), unhex('ffffffffffffffffffffffffffffffff'), 'Schwedisch',	'Finnland'),
  (unhex('c448a02ef9a34386843b7b888f71f84a'),	unhex('ffffffffffffffffffffffffffffffff'), unhex('ffffffffffffffffffffffffffffffff'), 'Schwedisch',	'Schweden'),
  (unhex('a92c44386ccd4b3595bf23c34ed0e67b'),	unhex('ffffffffffffffffffffffffffffffff'), unhex('ffffffffffffffffffffffffffffffff'), 'Suaheli',	'Kenia'),
  (unhex('417b4ba5af2145f0b9598ecb171c65da'),	unhex('ffffffffffffffffffffffffffffffff'), unhex('ffffffffffffffffffffffffffffffff'), 'Suaheli',	'Tansania'),
  (unhex('27f0a51203fb415bbc986405b779ff07'),	unhex('ffffffffffffffffffffffffffffffff'), unhex('ffffffffffffffffffffffffffffffff'), 'Syrisch',	'Syrien'),
  (unhex('e7d42311a5d243278f1cd6fbbca2c25c'),	unhex('ffffffffffffffffffffffffffffffff'), unhex('ffffffffffffffffffffffffffffffff'), 'Tamilisch',	'Indien'),
  (unhex('dcc080d2502c4aec9009e2a7f7b216c3'),	unhex('ffffffffffffffffffffffffffffffff'), unhex('ffffffffffffffffffffffffffffffff'), 'Telugu',	'Indien'),
  (unhex('52bed3e53b474a9e9a6042e45d6286f1'),	unhex('ffffffffffffffffffffffffffffffff'), unhex('ffffffffffffffffffffffffffffffff'), 'Tadschikisch',	'Tadschikistan'),
  (unhex('c11cbaf3f6274099925bb79263ccef4a'),	unhex('ffffffffffffffffffffffffffffffff'), unhex('ffffffffffffffffffffffffffffffff'), 'Thailändisch',	'Thailand'),
  (unhex('5d08c4033b894a63a445971cb5308306'),	unhex('ffffffffffffffffffffffffffffffff'), unhex('ffffffffffffffffffffffffffffffff'), 'Tigrinja',	'Eritrea'),
  (unhex('d0c73d0e5d0c43618a54a69acb736f4a'),	unhex('ffffffffffffffffffffffffffffffff'), unhex('ffffffffffffffffffffffffffffffff'), 'Arabisch',	'Sudan'),
  (unhex('75a3fc2c05934e7ab71c56cbd07dbdb4'),	unhex('ffffffffffffffffffffffffffffffff'), unhex('ffffffffffffffffffffffffffffffff'), 'Tigrinja',	'Äthiopien'),
  (unhex('437b03b211bc4f148b67e79e2e3176bb'),	unhex('ffffffffffffffffffffffffffffffff'), unhex('ffffffffffffffffffffffffffffffff'), 'Tigre',	'Eritrea'),
  (unhex('c627c3404cfa4744bc70b568b2a3c7ab'),	unhex('ffffffffffffffffffffffffffffffff'), unhex('ffffffffffffffffffffffffffffffff'), 'Tswana-Sprache',	'Südafrika'),
  (unhex('109d93d853864102bf3f4e621988f7f2'),	unhex('ffffffffffffffffffffffffffffffff'), unhex('ffffffffffffffffffffffffffffffff'), 'Tongaisch',	'Tonga'),
  (unhex('30cdf6a43a4c4b97b92f0091b7996e41'),	unhex('ffffffffffffffffffffffffffffffff'), unhex('ffffffffffffffffffffffffffffffff'), 'Türkisch',	'Türkei'),
  (unhex('d0efe2ed8662465dae0e2d1bf03b091b'),	unhex('ffffffffffffffffffffffffffffffff'), unhex('ffffffffffffffffffffffffffffffff'), 'Tsonga',	'Südafrika'),
  (unhex('a40c28733a5842bbb2583b88cf01f06f'),	unhex('ffffffffffffffffffffffffffffffff'), unhex('ffffffffffffffffffffffffffffffff'), 'Tatarisch',	'Russische Föderation'),
  (unhex('52fe5eb97b174e7aa63783acbbc9a97e'),	unhex('ffffffffffffffffffffffffffffffff'), unhex('ffffffffffffffffffffffffffffffff'), 'Uigurisch',	'China'),
  (unhex('e3a69696824d415e81eb416ce5ca5b69'),	unhex('ffffffffffffffffffffffffffffffff'), unhex('ffffffffffffffffffffffffffffffff'), 'Ukrainisch',	'Ukraine'),
  (unhex('a39b21436e1a4b03a69c784c2f9eadf8'),	unhex('ffffffffffffffffffffffffffffffff'), unhex('ffffffffffffffffffffffffffffffff'), 'Arabisch',	'Syrien'),
  (unhex('badefc666c09416dac9612999d9e552a'),	unhex('ffffffffffffffffffffffffffffffff'), unhex('ffffffffffffffffffffffffffffffff'), 'Urdu',	'Indien'),
  (unhex('aea666a53fef421c841f8663ab70d60c'),	unhex('ffffffffffffffffffffffffffffffff'), unhex('ffffffffffffffffffffffffffffffff'), 'Urdu',	'Pakistan'),
  (unhex('f7808917b8434cb0940352f0ae214efc'),	unhex('ffffffffffffffffffffffffffffffff'), unhex('ffffffffffffffffffffffffffffffff'), 'Usbekisch',	'Afghanistan'),
  (unhex('2e185dcd51464b01a427f2f75173fd53'),	unhex('ffffffffffffffffffffffffffffffff'), unhex('ffffffffffffffffffffffffffffffff'), 'Usbekisch',	'Usbekistan'),
  (unhex('f1dcfb019cd6488fbd8070b27d7e8603'),	unhex('ffffffffffffffffffffffffffffffff'), unhex('ffffffffffffffffffffffffffffffff'), 'Venda-Sprache',	'Südafrika'),
  (unhex('fadcb90700114c5993557f4bb2d92460'),	unhex('ffffffffffffffffffffffffffffffff'), unhex('ffffffffffffffffffffffffffffffff'), 'Vietnamesisch',	'Vietnam'),
  (unhex('9ec94e6352224de0852a140f28c75703'),	unhex('ffffffffffffffffffffffffffffffff'), unhex('ffffffffffffffffffffffffffffffff'), 'Walamo-Sprache',	'Äthiopien'),
  (unhex('20973ea73a4546cfa43791da4eb8c426'),	unhex('ffffffffffffffffffffffffffffffff'), unhex('ffffffffffffffffffffffffffffffff'), 'Wolof',	'Senegal'),
  (unhex('4bae11ce4ec6469786f2af4b63f94f23'),	unhex('ffffffffffffffffffffffffffffffff'), unhex('ffffffffffffffffffffffffffffffff'), 'Xhosa',	'Südafrika'),
  (unhex('85e4907739bd4ddcb2c777b41fa20f75'),	unhex('ffffffffffffffffffffffffffffffff'), unhex('ffffffffffffffffffffffffffffffff'), 'Yoruba',	'Nigeria'),
  (unhex('791f15a62602420098562d29ab61eba8'),	unhex('ffffffffffffffffffffffffffffffff'), unhex('ffffffffffffffffffffffffffffffff'), 'Arabisch',	'Tunesien'),
  (unhex('35c3c4dfd3364da79f0620fe8520cd15'),	unhex('ffffffffffffffffffffffffffffffff'), unhex('ffffffffffffffffffffffffffffffff'), 'Chinesisch',	'China'),
  (unhex('461fdc0e9b13488c82f1be3db9800c6e'),	unhex('ffffffffffffffffffffffffffffffff'), unhex('ffffffffffffffffffffffffffffffff'), 'Chinesisch',	'Sonderverwaltungszone Hongkong'),
  (unhex('9120da7b2cfa4c03b97b1754744e0368'),	unhex('ffffffffffffffffffffffffffffffff'), unhex('ffffffffffffffffffffffffffffffff'), 'Chinesisch',	'Sonderverwaltungszone Macao'),
  (unhex('abc3064384fc4f7fa63655d106bf0955'),	unhex('ffffffffffffffffffffffffffffffff'), unhex('ffffffffffffffffffffffffffffffff'), 'Chinesisch',	'Singapur'),
  (unhex('26aa2725d80049cba131fa03f9c492b3'),	unhex('ffffffffffffffffffffffffffffffff'), unhex('ffffffffffffffffffffffffffffffff'), 'Chinesisch',	'Taiwan'),
  (unhex('8a4821d8256b490ca29739982b802045'),	unhex('ffffffffffffffffffffffffffffffff'), unhex('ffffffffffffffffffffffffffffffff'), 'Zulu',	'Südafrika'),
  (unhex('4ce60695909f4dc6ad199090fdcf95a1'),	unhex('ffffffffffffffffffffffffffffffff'), unhex('ffffffffffffffffffffffffffffffff'), 'Arabisch',	'Jemen'),
  (unhex('15639dadd83b4c9e869a620002fa1a7a'),	unhex('ffffffffffffffffffffffffffffffff'), unhex('ffffffffffffffffffffffffffffffff'), 'Assamesisch',	'Indien'),
  (unhex('65afa499a81b419bbb8b7b16fcfb12d2'),	unhex('ffffffffffffffffffffffffffffffff'), unhex('ffffffffffffffffffffffffffffffff'), 'Aserbaidschanisch',	'Aserbaidschan'),
  (unhex('858714b28c3246ad86601aa08b5debc0'),	unhex('ffffffffffffffffffffffffffffffff'), unhex('ffffffffffffffffffffffffffffffff'), 'Weißrussisch',	'Belarus'),
  (unhex('787d38ec5e244647bf69b84e2f212808'),	unhex('ffffffffffffffffffffffffffffffff'), unhex('ffffffffffffffffffffffffffffffff'), 'Afar',	'Dschibuti'),
  (unhex('4cec18e4bc55407aa9591990f74fd61b'),	unhex('ffffffffffffffffffffffffffffffff'), unhex('ffffffffffffffffffffffffffffffff'), 'Bulgarisch',	'Bulgarien'),
  (unhex('4b4b461cd4f94f0cb9c854382c70cea8'),	unhex('ffffffffffffffffffffffffffffffff'), unhex('ffffffffffffffffffffffffffffffff'), 'Bengalisch',	'Bangladesch'),
  (unhex('038dec2102a9445bb66eb09b4e5a2c1f'),	unhex('ffffffffffffffffffffffffffffffff'), unhex('ffffffffffffffffffffffffffffffff'), 'Bengalisch',	'Indien'),
  (unhex('71b367341e7d4f6d9a2412b8d9819144'),	unhex('ffffffffffffffffffffffffffffffff'), unhex('ffffffffffffffffffffffffffffffff'), 'Tibetisch',	'China'),
  (unhex('22051084ae324ab5ad29f5051efcd4d5'),	unhex('ffffffffffffffffffffffffffffffff'), unhex('ffffffffffffffffffffffffffffffff'), 'Tibetisch',	'Indien'),
  (unhex('3250c52a1b7b4837822c6842d73c535c'),	unhex('ffffffffffffffffffffffffffffffff'), unhex('ffffffffffffffffffffffffffffffff'), 'Bosnisch',	'Bosnien und Herzegowina'),
  (unhex('46a7926775cf48c786eef6dd395b4880'),	unhex('ffffffffffffffffffffffffffffffff'), unhex('ffffffffffffffffffffffffffffffff'), 'Blin',	'Eritrea'),
  (unhex('264644c5881a422eace9fe65b386c3f9'),	unhex('ffffffffffffffffffffffffffffffff'), unhex('ffffffffffffffffffffffffffffffff'), 'Katalanisch',	'Spanien'),
  (unhex('d6a597ef9fe64d33b4975088dba06fc1'),	unhex('ffffffffffffffffffffffffffffffff'), unhex('ffffffffffffffffffffffffffffffff'), 'Atsam',	'Nigeria'),
  (unhex('e505cf030ff94f4da119bf7af95e015d'),	unhex('ffffffffffffffffffffffffffffffff'), unhex('ffffffffffffffffffffffffffffffff'), 'Tschechisch',	'Tschechische Republik'),
  (unhex('2ec6cb588ad0480ea7441bbc992bcdfc'),	unhex('ffffffffffffffffffffffffffffffff'), unhex('ffffffffffffffffffffffffffffffff'), 'Afar',	'Eritrea'),
  (unhex('cc16afc51e894a4e83dffe15c932c441'),	unhex('ffffffffffffffffffffffffffffffff'), unhex('ffffffffffffffffffffffffffffffff'), 'Walisisch',	'Vereinigtes Königreich'),
  (unhex('509200ddb457437ba16b24c369f2bb82'),	unhex('ffffffffffffffffffffffffffffffff'), unhex('ffffffffffffffffffffffffffffffff'), 'Dänisch',	'Dänemark'),
  (unhex('fc7b7266f656477e9a15ae23de8b0523'),	unhex('ffffffffffffffffffffffffffffffff'), unhex('ffffffffffffffffffffffffffffffff'), 'Deutsch',	'Österreich'),
  (unhex('3dba282b2ae84d5ba360de0ddc480d1c'),	unhex('ffffffffffffffffffffffffffffffff'), unhex('ffffffffffffffffffffffffffffffff'), 'Deutsch',	'Belgien'),
  (unhex('e17810ef31cb48b88ce871f3a03e1025'),	unhex('ffffffffffffffffffffffffffffffff'), unhex('ffffffffffffffffffffffffffffffff'), 'Deutsch',	'Schweiz'),
  (unhex('7c7f6c130b89474bb41b460e03a70440'),	unhex('ffffffffffffffffffffffffffffffff'), unhex('ffffffffffffffffffffffffffffffff'), 'Deutsch',	'Liechtenstein'),
  (unhex('ef5e0be1b1144e0a8688875a032a5f21'),	unhex('ffffffffffffffffffffffffffffffff'), unhex('ffffffffffffffffffffffffffffffff'), 'Deutsch',	'Luxemburg'),
  (unhex('655478c87d3f496abfacd50eb1b48d43'),	unhex('ffffffffffffffffffffffffffffffff'), unhex('ffffffffffffffffffffffffffffffff'), 'Maledivisch',	'Malediven'),
  (unhex('43741e431644414b8dc95ad61755b992'),	unhex('ffffffffffffffffffffffffffffffff'), unhex('ffffffffffffffffffffffffffffffff'), 'Bhutanisch',	'Bhutan'),
  (unhex('0acb980d8d3a412cbf00842fb340feb5'),	unhex('ffffffffffffffffffffffffffffffff'), unhex('ffffffffffffffffffffffffffffffff'), 'Ewe-Sprache',	'Ghana'),
  (unhex('e42c0c780921432b97edc5d513980b21'),	unhex('ffffffffffffffffffffffffffffffff'), unhex('ffffffffffffffffffffffffffffffff'), 'Afar',	'Äthiopien'),
  (unhex('a1e7965325834edeb20307bf390b8da1'),	unhex('ffffffffffffffffffffffffffffffff'), unhex('ffffffffffffffffffffffffffffffff'), 'Ewe-Sprache',	'Togo'),
  (unhex('67d9636c67614673bd8d265d295d194c'),	unhex('ffffffffffffffffffffffffffffffff'), unhex('ffffffffffffffffffffffffffffffff'), 'Griechisch',	'Zypern'),
  (unhex('6961054faeb74e4f8851a1dfb8cb193b'),	unhex('ffffffffffffffffffffffffffffffff'), unhex('ffffffffffffffffffffffffffffffff'), 'Griechisch',	'Griechenland'),
  (unhex('318d2533eb03461b88fda25c9a02653b'),	unhex('ffffffffffffffffffffffffffffffff'), unhex('ffffffffffffffffffffffffffffffff'), 'Englisch',	'Amerikanisch-Samoa'),
  (unhex('8e91d9b70b704eccbc14202ba5c4882e'),	unhex('ffffffffffffffffffffffffffffffff'), unhex('ffffffffffffffffffffffffffffffff'), 'Englisch',	'Australien'),
  (unhex('d8f3a4d870384c25b4d02654ddad64fd'),	unhex('ffffffffffffffffffffffffffffffff'), unhex('ffffffffffffffffffffffffffffffff'), 'Englisch',	'Belgien'),
  (unhex('3e4526223d714186be74d231352e5db3'),	unhex('ffffffffffffffffffffffffffffffff'), unhex('ffffffffffffffffffffffffffffffff'), 'Englisch',	'Botsuana'),
  (unhex('c97a13c07c4147338426d1131eab69e9'),	unhex('ffffffffffffffffffffffffffffffff'), unhex('ffffffffffffffffffffffffffffffff'), 'Englisch',	'Belize'),
  (unhex('6590ee8662f845e08b727f7aeec84831'),	unhex('ffffffffffffffffffffffffffffffff'), unhex('ffffffffffffffffffffffffffffffff'), 'Englisch',	'Kanada'),
  (unhex('77fc5f00b6d146d98cc40aff79eb5c00'),	unhex('ffffffffffffffffffffffffffffffff'), unhex('ffffffffffffffffffffffffffffffff'), 'Englisch',	'Guam'),
  (unhex('801202f021334cf1b93cb0113b5d11d3'),	unhex('ffffffffffffffffffffffffffffffff'), unhex('ffffffffffffffffffffffffffffffff'), 'Afrikaans',	'Namibia'),
  (unhex('abf8604e9b384f0689d848e011fa0241'),	unhex('ffffffffffffffffffffffffffffffff'), unhex('ffffffffffffffffffffffffffffffff'), 'Englisch',	'Sonderverwaltungszone Hongkong'),
  (unhex('220b605583914529bcc82683f75045d3'),	unhex('ffffffffffffffffffffffffffffffff'), unhex('ffffffffffffffffffffffffffffffff'), 'Englisch',	'Irland'),
  (unhex('51aafd199c7c4eb09b43f91c596865e1'),	unhex('ffffffffffffffffffffffffffffffff'), unhex('ffffffffffffffffffffffffffffffff'), 'Englisch',	'Indien'),
  (unhex('92b7f309a62b411883f5a5ce89843ba8'),	unhex('ffffffffffffffffffffffffffffffff'), unhex('ffffffffffffffffffffffffffffffff'), 'Englisch',	'Jamaika'),
  (unhex('db559634117743aaba2c907150ac7064'),	unhex('ffffffffffffffffffffffffffffffff'), unhex('ffffffffffffffffffffffffffffffff'), 'Englisch',	'Marshallinseln'),
  (unhex('b694a0f7dc654a96b940614a7fc1b3f6'),	unhex('ffffffffffffffffffffffffffffffff'), unhex('ffffffffffffffffffffffffffffffff'), 'Englisch',	'Nördliche Marianen'),
  (unhex('0ee0a1df025249538c1f1a391fb99a3d'),	unhex('ffffffffffffffffffffffffffffffff'), unhex('ffffffffffffffffffffffffffffffff'), 'Englisch',	'Malta'),
  (unhex('6ab8dc296338438fbd7d4fd13406f5e9'),	unhex('ffffffffffffffffffffffffffffffff'), unhex('ffffffffffffffffffffffffffffffff'), 'Englisch',	'Namibia'),
  (unhex('776f28188e434088872010a771e67408'),	unhex('ffffffffffffffffffffffffffffffff'), unhex('ffffffffffffffffffffffffffffffff'), 'Englisch',	'Neuseeland'),
  (unhex('5af0fd645e5c42eebc08446be0c9f137'),	unhex('ffffffffffffffffffffffffffffffff'), unhex('ffffffffffffffffffffffffffffffff'), 'Englisch',	'Philippinen'),
  (unhex('b68eb5f561924a5fbe6200e844469222'),	unhex('ffffffffffffffffffffffffffffffff'), unhex('ffffffffffffffffffffffffffffffff'), 'Afrikaans',	'Südafrika'),
  (unhex('1a9f4bb15ea142ec93409b48204326d5'),	unhex('ffffffffffffffffffffffffffffffff'), unhex('ffffffffffffffffffffffffffffffff'), 'Englisch',	'Pakistan'),
  (unhex('accdb020676044618d7ed9025a5fb26f'),	unhex('ffffffffffffffffffffffffffffffff'), unhex('ffffffffffffffffffffffffffffffff'), 'Englisch',	'Singapur'),
  (unhex('32c59129d3f84200ab479eaccd5a3377'),	unhex('ffffffffffffffffffffffffffffffff'), unhex('ffffffffffffffffffffffffffffffff'), 'Englisch',	'Trinidad und Tobago'),
  (unhex('a5d76921c82d415e88d76670fd6ae8dd'),	unhex('ffffffffffffffffffffffffffffffff'), unhex('ffffffffffffffffffffffffffffffff'), 'Englisch',	'Amerikanisch-Ozeanien'),
  (unhex('d36a2c5d1f404f6f90572993897c2824'),	unhex('ffffffffffffffffffffffffffffffff'), unhex('ffffffffffffffffffffffffffffffff'), 'Englisch',	'Vereinigte Staaten'),
  (unhex('e1bb080073ee4095b11cf2b414c168d9'),	unhex('ffffffffffffffffffffffffffffffff'), unhex('ffffffffffffffffffffffffffffffff'), 'Englisch',	'Amerikanische Jungferninseln'),
  (unhex('e3cf90b4f4b0457195a4fa078e822037'),	unhex('ffffffffffffffffffffffffffffffff'), unhex('ffffffffffffffffffffffffffffffff'), 'Englisch',	'Südafrika'),
  (unhex('0eb28971b99d44d9b9cb37f713a8bd92'),	unhex('ffffffffffffffffffffffffffffffff'), unhex('ffffffffffffffffffffffffffffffff'), 'Englisch',	'Simbabwe'),
  (unhex('230d5978efda488ea80c69ce22afd008'),	unhex('ffffffffffffffffffffffffffffffff'), unhex('ffffffffffffffffffffffffffffffff'), 'Spanisch',	'Argentinien'),
  (unhex('19a1b1874011459d9cac0868534ad2a5'),	unhex('ffffffffffffffffffffffffffffffff'), unhex('ffffffffffffffffffffffffffffffff'), 'Spanisch',	'Bolivien'),
  (unhex('2b50e52772b54d65a605a90417e234a4'),	unhex('ffffffffffffffffffffffffffffffff'), unhex('ffffffffffffffffffffffffffffffff'), 'Akan',	'Ghana'),
  (unhex('72039519ada248eca6f066969a03717c'),	unhex('ffffffffffffffffffffffffffffffff'), unhex('ffffffffffffffffffffffffffffffff'), 'Spanisch',	'Chile'),
  (unhex('16059d9b9ae04854846025397e687de1'),	unhex('ffffffffffffffffffffffffffffffff'), unhex('ffffffffffffffffffffffffffffffff'), 'Spanisch',	'Kolumbien'),
  (unhex('174969081e324959943afa829f9a2ea5'),	unhex('ffffffffffffffffffffffffffffffff'), unhex('ffffffffffffffffffffffffffffffff'), 'Spanisch',	'Costa Rica'),
  (unhex('5087c8b0da5f41e79604be3e0c081918'),	unhex('ffffffffffffffffffffffffffffffff'), unhex('ffffffffffffffffffffffffffffffff'), 'Spanisch',	'Dominikanische Republik'),
  (unhex('b85ae453fcd94734971dfe4fc8becffb'),	unhex('ffffffffffffffffffffffffffffffff'), unhex('ffffffffffffffffffffffffffffffff'), 'Spanisch',	'Ecuador'),
  (unhex('ee2edb8fbbbe4402b6f7bb6b29f24494'),	unhex('ffffffffffffffffffffffffffffffff'), unhex('ffffffffffffffffffffffffffffffff'), 'Spanisch',	'Spanien'),
  (unhex('5de1d1620301481fb3125118db4b3cca'),	unhex('ffffffffffffffffffffffffffffffff'), unhex('ffffffffffffffffffffffffffffffff'), 'Spanisch',	'Guatemala'),
  (unhex('5d1b33e545ff4d3bbe68268bf288fe99'),	unhex('ffffffffffffffffffffffffffffffff'), unhex('ffffffffffffffffffffffffffffffff'), 'Spanisch',	'Honduras'),
  (unhex('4771c56731fb4fa8901a895af1fab756'),	unhex('ffffffffffffffffffffffffffffffff'), unhex('ffffffffffffffffffffffffffffffff'), 'Spanisch',	'Mexiko'),
  (unhex('16930d551d6548a4b6a79f156b90b4ca'),	unhex('ffffffffffffffffffffffffffffffff'), unhex('ffffffffffffffffffffffffffffffff'), 'Spanisch',	'Nicaragua'),
  (unhex('3569183cd45f4b459c4e1bcb0936b258'),	unhex('ffffffffffffffffffffffffffffffff'), unhex('ffffffffffffffffffffffffffffffff'), 'Amharisch',	'Äthiopien'),
  (unhex('b47ee4c5e52e4302922de64dc70be679'),	unhex('ffffffffffffffffffffffffffffffff'), unhex('ffffffffffffffffffffffffffffffff'), 'Spanisch',	'Panama'),
  (unhex('bf30d531acf94ba7b21bb328a793bccf'),	unhex('ffffffffffffffffffffffffffffffff'), unhex('ffffffffffffffffffffffffffffffff'), 'Spanisch',	'Peru'),
  (unhex('15a76fb0e3c140b98a522368fb480097'),	unhex('ffffffffffffffffffffffffffffffff'), unhex('ffffffffffffffffffffffffffffffff'), 'Spanisch',	'Puerto Rico'),
  (unhex('546d97038eaf437eb110a6af780f4d2d'),	unhex('ffffffffffffffffffffffffffffffff'), unhex('ffffffffffffffffffffffffffffffff'), 'Spanisch',	'Paraguay'),
  (unhex('b027d25dc8534bb089c197efc46c952c'),	unhex('ffffffffffffffffffffffffffffffff'), unhex('ffffffffffffffffffffffffffffffff'), 'Spanisch',	'El Salvador'),
  (unhex('2a3cbc5da5c64f2fb216c4687211cc9d'),	unhex('ffffffffffffffffffffffffffffffff'), unhex('ffffffffffffffffffffffffffffffff'), 'Spanisch',	'Vereinigte Staaten'),
  (unhex('249e48390244447ba89570f5af0baef4'),	unhex('ffffffffffffffffffffffffffffffff'), unhex('ffffffffffffffffffffffffffffffff'), 'Spanisch',	'Uruguay'),
  (unhex('8a368fb88b1947b78ed13db81210a5b8'),	unhex('ffffffffffffffffffffffffffffffff'), unhex('ffffffffffffffffffffffffffffffff'), 'Spanisch',	'Venezuela'),
  (unhex('dc0f93ca81814f36bbf3446b78b3d27d'),	unhex('ffffffffffffffffffffffffffffffff'), unhex('ffffffffffffffffffffffffffffffff'), 'Estnisch',	'Estland'),
  (unhex('31996fe03e604296827c0de7ae910245'),	unhex('ffffffffffffffffffffffffffffffff'), unhex('ffffffffffffffffffffffffffffffff'), 'Baskisch',	'Spanien');

INSERT INTO `shop` (`id`, `version_id`, `catalog_ids`, `name`, `title`, `position`, `host`, `base_path`, `base_url`, `hosts`, `is_secure`, `customer_scope`, `is_default`, `active`, `tax_calculation_type`, `shop_template_id`, `document_template_id`, `category_id`, `locale_id`, `currency_id`, `customer_group_id`, `fallback_translation_id`, `payment_method_id`, `shipping_method_id`, `country_id`, `created_at`, `updated_at`, `shop_template_version_id`, `document_template_version_id`, `category_version_id`, `locale_version_id`, `currency_version_id`, `customer_group_version_id`, `fallback_translation_version_id`, `payment_method_version_id`, `shipping_method_version_id`, `country_version_id`) VALUES
  (unhex('ffa32a50e2d04cf38389a53f8d6cd594'),	unhex('ffffffffffffffffffffffffffffffff'), '[\"ffffffffffffffffffffffffffffffff\"]', 'Deutsch',	NULL,	0,	'shopware.next',	'',	'',	'',	0,	0,	1,	1,	'vertical',	unhex('60f80cfdf49847d38b3047c41c0a2d1c'),	unhex('60f80cfdf49847d38b3047c41c0a2d1c'),	unhex('a1abd0ee0aa64fcdaef725b8b84e5943'),	unhex('7b52d9dd2b0640ec90be9f57edf29be7'),	unhex('4c8eba11bd3546d786afbed481a6e665'),	unhex('3294e6f6372b415fac7371cbc191548f'),	NULL,	unhex('77573b9cf7914cb5a9519945bff1d95b'),	unhex('417beeb2dddf45d1b90188fd211343c3'),	unhex('bd5e2dcf547e4df6bb1ff58a554bc69e'),	'2017-12-14 15:26:04',	NULL, unhex('ffffffffffffffffffffffffffffffff'),unhex('ffffffffffffffffffffffffffffffff'),unhex('ffffffffffffffffffffffffffffffff'),unhex('ffffffffffffffffffffffffffffffff'),unhex('ffffffffffffffffffffffffffffffff'),unhex('ffffffffffffffffffffffffffffffff'),unhex('ffffffffffffffffffffffffffffffff'),unhex('ffffffffffffffffffffffffffffffff'),unhex('ffffffffffffffffffffffffffffffff'),unhex('ffffffffffffffffffffffffffffffff')),
  (unhex('2d905256e75149678dd5a32a81b94f1f'),	unhex('ffffffffffffffffffffffffffffffff'), '[\"ffffffffffffffffffffffffffffffff\"]', 'English',	'English',	0,	'shopware.next',	'',	'',	'',	0,	0,	0,	1,	'vertical',	unhex('60f80cfdf49847d38b3047c41c0a2d1c'),	unhex('60f80cfdf49847d38b3047c41c0a2d1c'),	unhex('a1abd0ee0aa64fcdaef725b8b84e5943'),	unhex('2f3663edb7614308a60188c21c7963d5'),	unhex('4c8eba11bd3546d786afbed481a6e665'),	unhex('3294e6f6372b415fac7371cbc191548f'),	unhex('ffa32a50e2d04cf38389a53f8d6cd594'),	unhex('417beeb2dddf45d1b90188fd211343c3'),	unhex('417beeb2dddf45d1b90188fd211343c3'),	unhex('bd5e2dcf547e4df6bb1ff58a554bc69e'),	'2017-12-14 15:26:04',	NULL, unhex('ffffffffffffffffffffffffffffffff'),unhex('ffffffffffffffffffffffffffffffff'),unhex('ffffffffffffffffffffffffffffffff'),unhex('ffffffffffffffffffffffffffffffff'),unhex('ffffffffffffffffffffffffffffffff'),unhex('ffffffffffffffffffffffffffffffff'),unhex('ffffffffffffffffffffffffffffffff'),unhex('ffffffffffffffffffffffffffffffff'),unhex('ffffffffffffffffffffffffffffffff'),unhex('ffffffffffffffffffffffffffffffff'));

INSERT INTO `shop_currency` (`shop_id`, `shop_version_id`, `currency_version_id`, `currency_id`, `created_at`, `updated_at`) VALUES
  (unhex('ffa32a50e2d04cf38389a53f8d6cd594'),	unhex('ffffffffffffffffffffffffffffffff'), unhex('ffffffffffffffffffffffffffffffff'), unhex('4c8eba11bd3546d786afbed481a6e665'),	'2017-12-14 15:26:04',	NULL),
  (unhex('ffa32a50e2d04cf38389a53f8d6cd594'),	unhex('ffffffffffffffffffffffffffffffff'), unhex('ffffffffffffffffffffffffffffffff'), unhex('2824ea63db6741109e2378ddcc9cec84'),	'2017-12-14 15:26:04',	NULL);

INSERT INTO `shop_template` (`id`, `version_id`, `template`, `name`, `description`, `author`, `license`, `esi`, `style_support`, `version`, `emotion`, `plugin_id`, `parent_id`, `created_at`, `updated_at`) VALUES
  (unhex('60f80cfdf49847d38b3047c41c0a2d1c'),	unhex('ffffffffffffffffffffffffffffffff'),'Responsive',	'__theme_name__',	'__theme_description__',	'__author__',	'__license__',	1,	1,	3,	1,	NULL,	NULL,	'2017-12-14 15:26:04',	NULL);

INSERT INTO `category` (`id`, `catalog_id`, `version_id`, `parent_version_id`, `parent_id`, `path`, `position`, `level`, `template`, `active`, `is_blog`, `external`, `hide_filter`, `hide_top`, `media_id`, `product_box_layout`, `product_stream_id`, `hide_sortings`, `sorting_ids`, `facet_ids`, `created_at`, `updated_at`) VALUES
  (unhex('57f4ecb1162843e69dabc4a6a7b66eab'),	unhex('ffffffffffffffffffffffffffffffff'),	unhex('ffffffffffffffffffffffffffffffff'), unhex('ffffffffffffffffffffffffffffffff'), NULL,	NULL,	0,	0,	NULL,	1,	0,	NULL,	0,	0,	NULL,	NULL,	NULL,	0,	NULL,	NULL,	'2012-07-30 15:24:59',	'2017-12-14 15:41:13'),
  (unhex('a1abd0ee0aa64fcdaef725b8b84e5943'),	unhex('ffffffffffffffffffffffffffffffff'),	unhex('ffffffffffffffffffffffffffffffff'), unhex('ffffffffffffffffffffffffffffffff'), unhex('57f4ecb1162843e69dabc4a6a7b66eab'),	NULL,	0,	0,	NULL,	1,	0,	'',	0,	0,	NULL,	NULL,	NULL,	0,	NULL,	NULL,	'2012-07-30 15:24:59',	'2017-12-14 15:41:13');

INSERT INTO `category_translation` (`category_id`, `catalog_id`, `version_id`, `language_id`, `name`, `path_names`, `meta_keywords`, `meta_title`, `meta_description`, `cms_headline`, `cms_description`) VALUES
  (unhex('57f4ecb1162843e69dabc4a6a7b66eab'),	unhex('ffffffffffffffffffffffffffffffff'), unhex('ffffffffffffffffffffffffffffffff'),unhex('ffffffffffffffffffffffffffffffff'), 'Root',	NULL,	NULL,	NULL,	NULL,	NULL,	NULL),
  (unhex('a1abd0ee0aa64fcdaef725b8b84e5943'),	unhex('ffffffffffffffffffffffffffffffff'), unhex('ffffffffffffffffffffffffffffffff'),unhex('ffffffffffffffffffffffffffffffff'), 'Main',	NULL,	NULL,	NULL,	'',	'',	'');

INSERT INTO `payment_method` (`id`, `version_id`,`technical_name`, `template`, `class`, `table`, `hide`, `percentage_surcharge`, `absolute_surcharge`, `surcharge_string`, `position`, `active`, `allow_esd`, `used_iframe`, `hide_prospect`, `action`, `plugin_id`, `source`, `mobile_inactive`, `risk_rules`, `created_at`, `updated_at`) VALUES
  (unhex('e84976ace9ab4928a3dcc387b66dbaa6'),	unhex('ffffffffffffffffffffffffffffffff'), 'debit',	'debit.tpl',	'Shopware\\Payment\\PaymentHandler\\DebitPayment',	'',	0,	-10,	NULL,	'',	4,	0,	0,	'',	0,	'',	NULL,	NULL,	0,	NULL,	'2017-12-14 15:45:46',	NULL),
  (unhex('77573b9cf7914cb5a9519945bff1d95b'),	unhex('ffffffffffffffffffffffffffffffff'), 'cash',	'cash.tpl',	'Shopware\\Payment\\PaymentHandler\\CashPayment',	'',	0,	NULL,	NULL,	'',	2,	1,	0,	'',	0,	NULL,	NULL,	NULL,	0,	NULL,	'2017-12-14 15:45:46',	NULL),
  (unhex('19d144ffe15f4772860d59fca7f207c1'),	unhex('ffffffffffffffffffffffffffffffff'), 'invoice',	'invoice.tpl',	'Shopware\\Payment\\PaymentHandler\\InvoicePayment',	'',	0,	NULL,	5,	'',	3,	1,	1,	'',	0,	'',	NULL,	NULL,	0,	NULL,	'2017-12-14 15:45:46',	NULL),
  (unhex('47160b00cd064b0188176451f9f3c247'),	unhex('ffffffffffffffffffffffffffffffff'), 'prepayment',	'prepayment.tpl',	'Shopware\\Payment\\PaymentHandler\\PrePayment',	'',	0,	NULL,	NULL,	'',	1,	1,	0,	'',	0,	NULL,	NULL,	NULL,	0,	NULL,	'2017-12-14 15:45:46',	NULL),
  (unhex('a6ddadce4cb441f3976a32505049f037'),	unhex('ffffffffffffffffffffffffffffffff'), 'sepa',	'sepa.tpl',	'Shopware\\Payment\\PaymentHandler\\SEPAPayment',	'',	0,	NULL,	NULL,	'',	5,	1,	1,	'',	0,	'',	NULL,	NULL,	0,	NULL,	'2017-12-14 15:45:46',	NULL);

INSERT INTO `payment_method_translation` (`payment_method_id`, `version_id`, `language_id`, `name`, `additional_description`) VALUES
  (unhex('e84976ace9ab4928a3dcc387b66dbaa6'),	unhex('ffffffffffffffffffffffffffffffff'), unhex('ffffffffffffffffffffffffffffffff'),	'Debit',	'Additional text'),
  (unhex('77573b9cf7914cb5a9519945bff1d95b'),	unhex('ffffffffffffffffffffffffffffffff'), unhex('ffffffffffffffffffffffffffffffff'),	'Cash on delivery',	'(including 2.00 Euro VAT)'),
  (unhex('19d144ffe15f4772860d59fca7f207c1'),	unhex('ffffffffffffffffffffffffffffffff'), unhex('ffffffffffffffffffffffffffffffff'),	'Invoice',	'Payment by invoice. Shopware provides automatic invoicing for all customers on orders after the first, in order to avoid defaults on payment.'),
  (unhex('47160b00cd064b0188176451f9f3c247'),	unhex('ffffffffffffffffffffffffffffffff'), unhex('ffffffffffffffffffffffffffffffff'),	'Paid in advance',	'The goods are delivered directly upon receipt of payment.'),
  (unhex('a6ddadce4cb441f3976a32505049f037'),	unhex('ffffffffffffffffffffffffffffffff'), unhex('ffffffffffffffffffffffffffffffff'),	'',	'SEPA direct debit');

INSERT INTO `shipping_method` (`id`, `version_id`,`type`, `active`, `position`, `calculation`, `surcharge_calculation`, `tax_calculation`, `shipping_free`, `bind_shippingfree`, `bind_time_from`, `bind_time_to`, `bind_instock`, `bind_laststock`, `bind_weekday_from`, `bind_weekday_to`, `bind_weight_from`, `bind_weight_to`, `bind_price_from`, `bind_price_to`, `bind_sql`, `status_link`, `calculation_sql`, `created_at`, `updated_at`) VALUES
  (unhex('417beeb2dddf45d1b90188fd211343c3'),	unhex('ffffffffffffffffffffffffffffffff'),0,	1,	1,	1,	3,	0,	NULL,	0,	NULL,	NULL,	NULL,	0,	NULL,	NULL,	NULL,	1.000,	NULL,	NULL,	NULL,	'',	NULL,	'2017-12-14 15:45:50',	NULL);

INSERT INTO `shipping_method_translation` (`shipping_method_id`, `version_id`, `language_id`, `name`, `description`, `comment`) VALUES
  (unhex('417beeb2dddf45d1b90188fd211343c3'),	unhex('ffffffffffffffffffffffffffffffff'), unhex('ffffffffffffffffffffffffffffffff'),	'Standard Versand',	'',	'');

INSERT INTO `tax` (`id`, `version_id`, `tax_rate`, `name`, `created_at`, `updated_at`)
VALUES
  (unhex('4926035368e34d9fa695e017d7a231b9'), unhex('ffffffffffffffffffffffffffffffff'), '19', '19%', '2017-12-14 15:51:51', NULL),
  (unhex('a297709e9e914995af8263ee214583e6'), unhex('ffffffffffffffffffffffffffffffff'), '7', '7%', '2017-12-14 15:51:51', NULL);

SET FOREIGN_KEY_CHECKS=1;
